{
    "APP.ERROR":"有些不对劲。请再试一次",
    "APP.INVALID.USERNAME_OR_PASSWORD": "您输入的用户名或密码不正确。",
    "APP.BUTTON.TRY_AGAIN": "再试一次",
    "APP.COMMON.USERNAME" : "用户名",
    "APP.COMMON.USERNAME.PLACEHOLDER" : "输入用户名",
    "APP.COMMON.PASSWROD" : "密码",
    "APP.COMMON.PASSWROD.PLACEHOLDER" : "输入密码",
    "APP.EMPTY.MOSAICS":"您的Mosaics马赛克将会在此显示。当前无马赛克。",
    "APP.EMPTY.TRANSACTIONS":"您的交易将会在此显示。当前无交易。",
    "APP.EMPTY.CONTACT":"您的联系人将在此显示。当前无联系人。",
    "APP.LOGIN" : "登录",
    "APP.LOGIN.DESC" : "登录账号以访问您的钱包。",
    "APP.SIGNUP" : "注册",
    "APP.SIGNUP.DESC" : "创建账号以获取钱包的全部功能。",
    "APP.SIGNUP.CONFIRM_PASSWORD" : "确认密码",
    "APP.SIGNUP.CONFIRM_PASSWORD.PLACEHOLDER" : "确认您的密码",
    "APP.SIGNUP.CONFIRM_PASSWORD.MESSAGE" : "密码不符",
    "APP.PIN.SETUP.TITLE" : "设置6位密码",
    "APP.PIN.SETUP.DESC" : "请为您的钱包设置6位登录密码。重要提示：请勿遗忘该密码，如若遗忘将无法找回。",
    "APP.PIN.VERIFY.TITLE" : "重新输入密码",
    "APP.PIN.CONFIRM.TITLE" : "钱包处于安全保护中。",
    "APP.PIN.CONFIRM" : "请输入您的密码",
    "WALLETS.TITLE" : "钱包",
    "WALLETS.WALLET_NAME" : "钱包名",
    "WALLETS.BALANCE" : "余额 ",
    "WALLETS.MOSAICS" : "马赛克",
    "WALLETS.TRANSACTIONS" : "交易",
    "WALLETS.ADDRESS" : "地址",
    "WALLETS.PUBLIC_KEY" : "公开密钥",
    "WALLETS.IMPORTANCE_SCORE" : "重要性评分",
    "WALLETS.VESTED_BALANCE" : "归属平衡",
    "WALLETS.MORE_DETAILS" : "更多细节",
    "WALLETS.EXPORT" : "导出 / 备份",
    "WALLETS.EXPORT.PRIVATE_KEY_TITLE" : "导出钱包&私密密钥",
    "WALLETS.EXPORT.PRIVATE_KEY_DESC" : "我们强烈建议您备份钱包和私密密钥。您有责任将其存储在安全的地方。ProximaX不会存储您的任何数据，因此在发生人为错误或系统故障时，我们无法帮助您恢复钱包或访问您的数字资产。",
    "WALLETS.EXPORT.BACKUP_WALLET" : "备份钱包",
    "WALLETS.EXPORT.BACKUP_WALLET.QRCODE" : "通过扫描二维码导出",
    "WALLETS.EXPORT.BACKUP_WALLET.QRCODE.BACKUP_WALLET" : "备份您的钱包",
    "WALLETS.EXPORT.BACKUP_WALLET.QRCODE.BACKUP_WALLET.CONTENT1" : "截屏您的二维码和私密密钥。",
    "WALLETS.EXPORT.BACKUP_WALLET.QRCODE.BACKUP_WALLET.CONTENT2" : "请确保您将其存储在安全的地方。",
    "WALLETS.EXPORT.BACKUP_WALLET.QRCODE.RESTORE_WALLET" : "通过扫描二维码重新恢复您的钱包",
    "WALLETS.EXPORT.BACKUP_WALLET.QRCODE.RESTORE_WALLET.CONTENT1" : "您可以稍后扫描二维码以重新恢复您的钱包。",
    "WALLETS.EXPORT.BACKUP_WALLET.QRCODE.RESTORE_WALLET.CONTENT2" : "二维码包含了您的加密私密密钥。请确保牢记账户密码以完全恢复您的钱包。",
    "WALLETS.EXPORT.COPY_PRIVATE_KEY" : "复制个人密钥",
    "WALLETS.EXPORT.COPY_PRIVATE_KEY.RESPONSE": "已成功复制个人密钥",
    "WALLETS.EXPORT.EXPORT_PRIVATE_KEY" : "导出私密密钥",
    "WALLETS.CREATE.TITLE" : "创建钱包。",
    "WALLETS.CREATE.DESC" : "此操作免费，您可根据需求创建多个账户。",
    "WALLETS.CREATE.NEW" : "新的钱包",
    "WALLETS.CREATE.NEW.TITLE" : "创建一个新的钱包",
    "WALLETS.CREATE.NEW.DESC" : "请输入您的钱包名以创建一个新的钱包。",
    "WALLETS.CREATE.IMPORT" : "导入钱包",
    "WALLETS.CREATE.IMPORT.TITLE" : "导入钱包",
    "WALLETS.CREATE.IMPORT.DESC" : "请在下方输入您的钱包名和私密密钥以导入您的钱包。",
    "WALLETS.CREATE.IMPORT.QR_SCAN" : "您也可以直接扫描二维码？",
    "WALLETS.CREATE.IMPORT.PRIVATE_KEY.LABEL" : "私密密钥",
    "WALLETS.CREATE.IMPORT.PRIVATE_KEY.PLACEHOLDER" : "输入您的私密密钥",
    "WALLETS.EDIT" : "编辑钱包",
    "WALLETS.EDIT.PROMPT" : "更新 {{walletName}} 钱包U。",
    "WALLETS.EDIT.DESC" : "要保存更改，请更新以下信息并按保存键。",
    "WALLETS.DELETE" : "删除钱包",
    "WALLETS.DELETE.WARNING" : "您即将删除{{walletName}}钱包！",
    "WALLETS.DELETE.DESC" : "继续操作将会从您的账户中删除钱包，该操作无法撤回。请确保您已备份钱包，以便后期进行恢复。",
    "WALLETS.COMMON.CHOOSE_COLOR" : "选择钱包颜色",
    "WALLETS.COMMON.LABEL.WALLET_NAME" : "钱包名",
    "WALLETS.COMMON.PLACEHOLDER.WALLET_NAME" : "输入钱包名",
    "WALLETS.BUTTON.EDIT" : "编辑",
    "WALLETS.BUTTON.DELETE" : "删除",
    "WALLETS.BUTTON.DONE" : "操作完成",
    "WALLETS.BUTTON.CANCEL" : "取消操作",
    "WALLETS.BUTTON.CONTINUE" : "继续操作",
    "WALLETS.BUTTON.CONFIRM" : "确认操作",
    "WALLETS.BUTTON.COPY" : "复制",
    "WALLETS.BUTTON.EXPORT" : "导出",
    "WALLETS.SEND" : "发送",
    "WALLETS.SEND.PROMPT" : "选择交易类型",
    "WALLETS.SEND.NORMAL" : "正常交易",
    "WALLETS.SEND.MULTISIG" : "多重签名交易",
    "WALLETS.SEND.AMOUNT" : "总额",
    "WALLETS.SEND.SELECT_MULTISIG_ACCOUNT":"选择一个 多重签名 账户",
    "WALLETS.SEND.ADDRESS" : "地址",
    "WALLETS.SEND.ADDRESS.OPTION.TITLE" : "地址输入选项",
    "WALLETS.SEND.ADDRESS.OPTION1" : "手动输入",
    "WALLETS.SEND.ADDRESS.OPTION2" : "从地址簿中选择",
    "WALLETS.SEND.NOTES" : "N提示（可选）",
    "WALLETS.CONFIRM.TITLE" : "确认交易",
    "WALLETS.SEND.LABEL.NOTES" : "提示",
    "WALLETS.SEND.LABEL.FEE" : "费用",
    "WALLETS.SEND.LABEL.FROM" : "从",
    "WALLETS.SEND.LABEL.TO" : "到",
    "WALLETS.RECEIVE" : "接收",
    "WALLETS.DETAIL.PRICE_CHART" : "价格图表",
    "WALLETS.DETAIL.INFO" : "信息",
    "WALLETS.DETAIL.STATS" : "统计",
    "WALLETS.DETAIL.MARKET_RANK" : "市场排名",
    "WALLETS.DETAIL.MARKET_CAP" : "市值",
    "WALLETS.DETAIL.TRADING_VOLUME" : "交易量",
    "WALLETS.DETAIL.24H_HIGH" : "24H高",
    "WALLETS.DETAIL.24H_LOW" : "24H低",
    "WALLETS.DETAIL.CIRCULATING" : "循环",
    "WALLETS.DETAIL.TOTAL_SUPPLY" : "总供应量",
    "WALLETS.DETAIL.HOME_PAGE" : "主页",
    "WALLETS.DETAIL.ANNOUNCEMENT" : "公告",
    "WALLETS.DETAIL.EXPLORER" : "探险者",
    "WALLETS.DETAIL.GENESIS_DATE" : "创世纪日期",
    "WALLETS.DETAIL.FACEBOOK" : "Facebook的",
    "WALLETS.DETAIL.TWITTER" : "推特",
    "NOTIFICATIONS" : "通知",
    "SERVICES" : "服务",
    "SERVICES.ADDRESS_BOOK.TITLE" : "地址簿",
    "SERVICES.ADDRESS_BOOK.DESC" : "您可以通过维护联系人的帐户信息来便捷地访问他们。",
    "SERVICES.ADDRESS_BOOK.ADD_CONTACT":"添加新联系人",
    "SERVICES.ADDRESS_BOOK.FIELDS.NAME":"用户名",
    "SERVICES.ADDRESS_BOOK.FIELDS.WALLET_ADDRESS":"钱包地址",
    "SERVICES.ADDRESS_BOOK.FIELDS.TELEGRAM":"Telegram电报",
    "SERVICES.ADDRESS_BOOK.FIELDS.TELEGRAM_OPTIONAL":"Telegram电报名（选填）",
    "SERVICES.ADDRESS_BOOK.ADD.SUBTITLE":"请填写以下表格来添加新联系人。",
    "SERVICES.ADDRESS_BOOK.DETAIL.TITLE":"联系人详情",
    "SERVICES.ADDRESS_BOOK.UPDATE.TITLE":":更新联系人",
    "SERVICES.ADDRESS_BOOK.UPDATE.SUBTITLE":"在以下表格中更新联系人信息",
    "SERVICES.ADDRESS_BOOK.DELETE.CONFIRM":"删除 {{contact.name}}",
    "SERVICES.ADDRESS_BOOK.DELETE.WARNING":"继续操作将会从您的地址簿中删除该联系人，且该操作不可恢复。",
    "SERVICES.ADDRESS_BOOK.CONFIRM_REMOVE":"您确定要删除 {{contact.name}} 吗？",
    "SERVICES.MULTISIGN_SUPPORT.TITLE" : "支持多重签名",
    "SERVICES.MULTISIGN_SUPPORT.DESC" : "简要介绍目前的应用是如何支持多重签名的。",
    "SERVICES.MULTISIGN_SUPPORT.TITLE1" : "目前，应用支持以下操作：",
    "SERVICES.MULTISIGN_SUPPORT.CONTENT1" : "发送多重签名交易",
    "SERVICES.MULTISIGN_SUPPORT.CONTENT2" : "签署多重签名交易",
    "SERVICES.MULTISIGN_SUPPORT.CONTENT3" : "浏览多重签名交易历史",
    "SERVICES.MULTISIGN_SUPPORT.TITLE2" : "随后发布的应用版本将支持以下操作：",
    "SERVICES.MULTISIGN_SUPPORT.CONTENT4" : "创建多重签名账户",
    "SERVICES.MULTISIGN_SUPPORT.CONTENT5" : "编辑多重签名账户",
    "SERVICES.MULTISIGN_SUPPORT.CONTENT6" : "浏览与多重签名账户的创建和修改有关的交易。",
    "SETTINGS" : "设置",
    "SETTINGS.WALLET_GUIDE" : "钱包操作手册",
    "SETTINGS.WALLET_GUIDE.DESC" : "如何采取适当的措施来保护你的钱包安全。",
    "SETTINGS.WALLET_GUIDE.PAGE1.TITLE" : "ProximaX Wallet钱包简介",
    "SETTINGS.WALLET_GUIDE.PAGE1.CONTENT1" : "ProximaX Wallet是一款免费的、客户端界面应用程序，允许您在对私密密钥和资金进行完全操控的同时，直接与区块链进行交互。",
    "SETTINGS.WALLET_GUIDE.PAGE1.CONTENT2" : "ProximaX致力于帮您保护个人数字资产。我们所有的钱包更新都经过严格的测试以确保您钱包里的所有东西都是安全可靠的。然而，能否成功地保证钱包及其内容的安全很大程度上取决于您自己。",
    "SETTINGS.WALLET_GUIDE.PAGE2.TITLE" : "保障您的私密密钥和密码安全。",
    "SETTINGS.WALLET_GUIDE.PAGE2.CONTENT1" : "当私密密钥生成之时，该信息仅您个人可知。我们完全无法获知您的密钥信息。我们不能为您进行访问帐户、恢复密钥、重置密码或反向交易操作。",
    "SETTINGS.WALLET_GUIDE.PAGE2.CONTENT2" : "我们强烈建议您：",
    "SETTINGS.WALLET_GUIDE.PAGE2.CONTENT3":"记录您的私密密钥和密码，并将该信息存储在安全的地方。",
    "SETTINGS.WALLET_GUIDE.PAGE2.CONTENT4":"请勿在您的电脑或手机上（尤其是在他人可用的情况下）存储您的密钥和密码。",
    "SETTINGS.WALLET_GUIDE.PAGE3.TITLE" : "我的数字代币存储在哪儿？",
    "SETTINGS.WALLET_GUIDE.PAGE3.CONTENT1" : "与普遍认知不同的是，您的数字资产将不会被存储于加密的钱包之中。相反，所有的数字资产将被直接存储在区块链当中，ProximaX不会通过任何方式来操控您的资产。",
    "SETTINGS.WALLET_GUIDE.PAGE3.CONTENT2" : "重要提示",
    "SETTINGS.WALLET_GUIDE.PAGE3.CONTENT3" : "请勿向他人透漏您的个人密码。",
    "SETTINGS.WALLET_GUIDE.PAGE3.CONTENT4" : "我们不会向您索取个人密码（任何人都不应向您索取密码）。.",
    "SETTINGS.WALLET_GUIDE.PAGE3.CONTENT5" : "我们不会向客户赠予免费的XPX。",
    "SETTINGS.WALLET_GUIDE.PAGE3.CONTENT6" : "我们不会向您索取XPX。",
    "SETTINGS.WALLET_GUIDE.PAGE4.TITLE" : "为什么要使用加密货币和区块链？",
    "SETTINGS.WALLET_GUIDE.PAGE4.CONTENT1" : "使用加密货币的目的是让您在不依赖第三方的情况下，从任何位置均能以匿名和安全的方式完全控制和管理您的数字代币。",
    "SETTINGS.WALLET_GUIDE.PAGE4.CONTENT2" : "您需要提供的信息仅包括您的公共地址和私密密钥。",
    "SETTINGS.WALLET_GUIDE.PAGE5.TITLE" : "恭喜您现在就可完全掌控您名下所有的数字资产了！",
    "SETTINGS.WALLET_GUIDE.PAGE5.CONTENT1" : "感谢您阅读本手册。即刻起，您就可以使用我们的钱包了！如果您有任何的疑问或困惑，欢迎通过Telegam***随时联系我们的工作人员，我们将竭诚为您服务。",
    "SETTINGS.WHATS_NEW" : "最新资讯",
    "SETTINGS.NODES" : "节点",
    "SETTINGS.NODES.DESC":"节点分布于广泛的网络之中以执行多种任务，比如区块链记录的维护和交易的处理等。",
    "SETTINGS.NODES.BLOCKHEIGHT" : "区块高度",
    "SETTINGS.NODES.ACTIVE" : "激活",
    "SETTINGS.NODES.SELECT" : "选取一个节点",
    "SETTINGS.NODES.CUSTOM" : "惯例",
    "SETTINGS.NODES.CUSTOM_IP" : "自定义节点或IP",
    "SETTINGS.NODES.SWITCH" : "您已成功连接到{{host}}",
    "SETTINGS.RESET_PIN" : "重置PIN",
    "SETTINGS.CHANGELOG": "更新日志",
    "SETTINGS.LANGUAGE": "语言",
    "SETTINGS.LANGUAGE.DESC":"您可以随时将显示语言更改为首选语言。",
    "SETTINGS.LANGUAGE.SWITCH": "应用语言将切换为{{lang}}。",
    "SETTINGS.LOGOUT" : "退出登录"
}