{
    "APP.ERROR":"Algo salió mal. Inténtalo de nuevo",
    "APP.INVALID.USERNAME_OR_PASSWORD": "El nombre de usuario o la contraseña son incorrectos.",
    "APP.BUTTON.TRY_AGAIN": "Inténtalo de nuevo",
    "APP.COMMON.USERNAME" : "Nombre de usuario",
    "APP.COMMON.USERNAME.PLACEHOLDER" : "Ingresa tu nombre de usuario",
    "APP.COMMON.PASSWROD" : "Contraseña",
    "APP.COMMON.PASSWROD.PLACEHOLDER" : "Ingresa tu contraseña",
    "APP.EMPTY.MOSAICS":"Aquí aparecerán tus mosaicos. No hay ninguno por el momento.",
    "APP.EMPTY.TRANSACTIONS":"Aquí aparecerán sus transacciones. No hay ninguna por el momento.",
    "APP.EMPTY.CONTACT":"Aquí aparecerán tus contactos. No hay ninguno por el momento.",
    "APP.LOGIN" : "Iniciar sesión",
    "APP.LOGIN.DESC" : "Inicie sesión en su cuenta para acceder a su wallet.",
    "APP.SIGNUP" : "Regístrate",
    "APP.SIGNUP.DESC" : "Crea una cuenta para acceder a todas las caracteristicas de la wallet.",
    "APP.SIGNUP.CONFIRM_PASSWORD" : "Confirmar contraseña",
    "APP.SIGNUP.CONFIRM_PASSWORD.PLACEHOLDER" : "Confirmar la contraseña",
    "APP.SIGNUP.CONFIRM_PASSWORD.MESSAGE" : "Contraseña no coincide",
    "APP.PIN.SETUP.TITLE" : "Configuración de pin de 6 dígitos",
    "APP.PIN.SETUP.DESC" : "Seleccione un pin de 6 dígitos para acceder a su wallet. IMPORTANTE: No olvides este pin porque no podremos recuperarlo por ti.",
    "APP.PIN.VERIFY.TITLE" : "Vuelva a ingresar el PIN",
    "APP.PIN.CONFIRM.TITLE" : "La wallet esta asegurada",
    "APP.PIN.CONFIRM" : "Por favor ingrese su PIN",
    "WALLETS.TITLE" : "Wallets",
    "WALLETS.WALLET_NAME" : "Nombre de la wallet",
    "WALLETS.BALANCE" : "Saldo",
    "WALLETS.MOSAICS" : "Mosaicos",
    "WALLETS.TRANSACTIONS" : "Transacciones",
    "WALLETS.ADDRESS" : "Dirección",
    "WALLETS.PUBLIC_KEY" : "Llave pública",
    "WALLETS.IMPORTANCE_SCORE" : "Puntuación de importancia",
    "WALLETS.VESTED_BALANCE" : "Saldo adquirido",
    "WALLETS.MORE_DETAILS" : "Más detalles",
    "WALLETS.EXPORT" : "Exportar/respaldar",
    "WALLETS.EXPORT.PRIVATE_KEY_TITLE" : "Exportar wallet y llave privada",
    "WALLETS.EXPORT.PRIVATE_KEY_DESC" : "Le recomendamos insistentemente que haga una copia de seguridad de su wallet y llave privada. Es su responsabilidad guardarlos en un lugar seguro. ProximaX no almacena ninguno de sus datos, por lo que no podemos ayudarlo a recuperar su wallet ni a obtener acceso a sus activos digitales en caso de un error humano o una falla del sistema.",
    "WALLETS.EXPORT.BACKUP_WALLET" : "Wallet de respaldo",
    "WALLETS.EXPORT.BACKUP_WALLET.QRCODE" : "Exportación vía código QR",
    "WALLETS.EXPORT.BACKUP_WALLET.QRCODE.BACKUP_WALLET" : "Copia de seguridad de su wallet",
    "WALLETS.EXPORT.BACKUP_WALLET.QRCODE.BACKUP_WALLET.CONTENT1" : "Tome una captura de pantalla de su código QR y llave privada.",
    "WALLETS.EXPORT.BACKUP_WALLET.QRCODE.BACKUP_WALLET.CONTENT2" : "Asegúrate de guardarla en un lugar seguro.",
    "WALLETS.EXPORT.BACKUP_WALLET.QRCODE.RESTORE_WALLET" : "Restaurando tu wallet a través del código QR",
    "WALLETS.EXPORT.BACKUP_WALLET.QRCODE.RESTORE_WALLET.CONTENT1" : "Puede usar el código QR más tarde para restaurar su wallet.",
    "WALLETS.EXPORT.BACKUP_WALLET.QRCODE.RESTORE_WALLET.CONTENT2" : "El código QR contiene su llave privada encriptada. Asegúrese de recordar la contraseña de su cuenta para recuperar completamente su wallet.",
    "WALLETS.EXPORT.COPY_PRIVATE_KEY" : "Copiar llave privada",
    "WALLETS.EXPORT.COPY_PRIVATE_KEY.RESPONSE": "Copiar la llave privada exitósamente",
    "WALLETS.EXPORT.EXPORT_PRIVATE_KEY" : "Exportar llave privada",
    "WALLETS.CREATE.TITLE" : "Crear una wallet",
    "WALLETS.CREATE.DESC" : "Es gratis y puedes crear tantas como quieras.",
    "WALLETS.CREATE.NEW" : "Nueva wallet",
    "WALLETS.CREATE.NEW.TITLE" : "Crear una nueva wallet",
    "WALLETS.CREATE.NEW.DESC" : "Para crear una nueva wallet, ingrese el nombre de su wallet.",
    "WALLETS.CREATE.IMPORT" : "Wallet importada",
    "WALLETS.CREATE.IMPORT.TITLE" : "Wallet importada",
    "WALLETS.CREATE.IMPORT.DESC" : "Para importar su wallet, ingrese el nombre de su wallet y pegue su llave privada a continuación.",
    "WALLETS.CREATE.IMPORT.QR_SCAN" : "o escanear el código QR en su lugar?",
    "WALLETS.CREATE.IMPORT.PRIVATE_KEY.LABEL" : "Llave privada",
    "WALLETS.CREATE.IMPORT.PRIVATE_KEY.PLACEHOLDER" : "Ingrese su llave privada",
    "WALLETS.EDIT" : "Editar wallet",
    "WALLETS.EDIT.PROMPT" : "Actualizar la wallet {{waletName}}.",
    "WALLETS.EDIT.DESC" : "Para guardar sus cambios, actualice la información a continuación y presione Guardar.",
    "WALLETS.DELETE" : "Eliminar wallet",
    "WALLETS.DELETE.WARNING" : "¡Estás a punto de eliminar la wallet {{walletName}}!",
    "WALLETS.DELETE.DESC" : "Continuar con esta acción eliminará la  wallet de su cuenta y no podrá deshacerla. Asegúrese de hacer una copia de seguridad de su wallet primero para poder recuperarla en cualquier momento.",
    "WALLETS.COMMON.CHOOSE_COLOR" : "Elige el color de la wallet",
    "WALLETS.COMMON.LABEL.WALLET_NAME" : "Nombre de la wallet",
    "WALLETS.COMMON.PLACEHOLDER.WALLET_NAME" : "Ingrese el nombre de su wallet",
    "WALLETS.BUTTON.EDIT" : "Editar",
    "WALLETS.BUTTON.DELETE" : "Borrar",
    "WALLETS.BUTTON.DONE" : "Hecho",
    "WALLETS.BUTTON.CANCEL" : "Cancelar",
    "WALLETS.BUTTON.CONTINUE" : "Continuar",
    "WALLETS.BUTTON.CONFIRM" : "Confirmar",
    "WALLETS.BUTTON.COPY" : "Copiar",
    "WALLETS.BUTTON.EXPORT" : "Exportar",
    "WALLETS.SEND" : "Enviar",
    "WALLETS.SEND.PROMPT" : "Seleccione el tipo de transacción",
    "WALLETS.SEND.NORMAL" : "Transacción normal",
    "WALLETS.SEND.MULTISIG" : "Transacción Multisignatura",
    "WALLETS.SEND.AMOUNT" : "Cantidad",
    "WALLETS.SEND.SELECT_MULTISIG_ACCOUNT":"Seleccione una cuenta multisig",
    "WALLETS.SEND.ADDRESS" : "Dirección",
    "WALLETS.SEND.ADDRESS.OPTION.TITLE" : "Opciones de entrada de dirección",
    "WALLETS.SEND.ADDRESS.OPTION1" : "Ingresar manualmente",
    "WALLETS.SEND.ADDRESS.OPTION2" : "Seleccione de la libreta de direcciones",
    "WALLETS.SEND.NOTES" : "Notas (Opcional)",
    "WALLETS.CONFIRM.TITLE" : "Confirmar Transacción",
    "WALLETS.SEND.LABEL.NOTES" : "Notas",
    "WALLETS.SEND.LABEL.FEE" : "FEE",
    "WALLETS.SEND.LABEL.FROM" : "DESDE",
    "WALLETS.SEND.LABEL.TO" : "a",
    "WALLETS.RECEIVE" : "Recibir",
    "WALLETS.DETAIL.PRICE_CHART" : "Tabla de precios",
    "WALLETS.DETAIL.INFO" : "Información",
    "WALLETS.DETAIL.STATS" : "Estadísticas",
    "WALLETS.DETAIL.MARKET_RANK" : "Rango de mercado",
    "WALLETS.DETAIL.MARKET_CAP" : "Tapa del mercado",
    "WALLETS.DETAIL.TRADING_VOLUME" : "Volumen de comercio",
    "WALLETS.DETAIL.24H_HIGH" : "24H Alto",
    "WALLETS.DETAIL.24H_LOW" : "24H bajo",
    "WALLETS.DETAIL.CIRCULATING" : "Circulante",
    "WALLETS.DETAIL.TOTAL_SUPPLY" : "Oferta total",
    "WALLETS.DETAIL.HOME_PAGE" : "Página de inicio",
    "WALLETS.DETAIL.ANNOUNCEMENT" : "Anuncio",
    "WALLETS.DETAIL.EXPLORER" : "Explorador",
    "WALLETS.DETAIL.GENESIS_DATE" : "Fecha de génesis",
    "WALLETS.DETAIL.FACEBOOK" : "Facebook",
    "WALLETS.DETAIL.TWITTER" : "Gorjeo",
    "NOTIFICATIONS" : "Notificaciones",
    "SERVICES" : "Servicios",
    "SERVICES.ADDRESS_BOOK.TITLE" : "Libreta de Direcciones",
    "SERVICES.ADDRESS_BOOK.DESC" : "Permite un fácil acceso a sus contactos al mantener los detalles de su cuenta.",
    "SERVICES.ADDRESS_BOOK.ADD_CONTACT":"Añadir nuevo contacto",
    "SERVICES.ADDRESS_BOOK.FIELDS.NAME":"Nombre",
    "SERVICES.ADDRESS_BOOK.FIELDS.WALLET_ADDRESS":"Dirección del monedero",
    "SERVICES.ADDRESS_BOOK.FIELDS.TELEGRAM":"Telegrama",
    "SERVICES.ADDRESS_BOOK.FIELDS.TELEGRAM_OPTIONAL":"Nombre de usuario del telegrama (opcional)",
    "SERVICES.ADDRESS_BOOK.ADD.SUBTITLE":"Para crear un nuevo contacto rellene el siguiente formulario.",
    "SERVICES.ADDRESS_BOOK.DETAIL.TITLE":"Detalles del contacto",
    "SERVICES.ADDRESS_BOOK.UPDATE.TITLE":"Actualizar contacto",
    "SERVICES.ADDRESS_BOOK.UPDATE.SUBTITLE":"Para actualizar un contacto cambia el siguiente formulario.",
    "SERVICES.ADDRESS_BOOK.DELETE.CONFIRM":"Borrar {{contactName}}?",
    "SERVICES.ADDRESS_BOOK.DELETE.WARNING":"Continuar esta acción eliminará este contacto de su libreta de direcciones y no se podrá deshacer.",
    "SERVICES.ADDRESS_BOOK.CONFIRM_REMOVE":"Estás seguro de eliminar {{contact.name}}?",
    "SERVICES.MULTISIGN_SUPPORT.TITLE" : "Soporte Multisign",
    "SERVICES.MULTISIGN_SUPPORT.DESC" : "Información rápida sobre cómo multisig es actualmente compatible con la aplicación.",
    "SERVICES.MULTISIGN_SUPPORT.TITLE1" : "En este momento, los siguientes son compatibles con la aplicación:",
    "SERVICES.MULTISIGN_SUPPORT.CONTENT1" : "Enviando transacciones multisig",
    "SERVICES.MULTISIGN_SUPPORT.CONTENT2" : "Firma de transacciones multisig",
    "SERVICES.MULTISIGN_SUPPORT.CONTENT3" : "Viendo el historial de transacciones multisig",
    "SERVICES.MULTISIGN_SUPPORT.TITLE2" : "Lo siguiente será compatible en una futura versión de la aplicación:",
    "SERVICES.MULTISIGN_SUPPORT.CONTENT4" : "Creación de cuentas multisig",
    "SERVICES.MULTISIGN_SUPPORT.CONTENT5" : "Edición de cuentas multisig",
    "SERVICES.MULTISIGN_SUPPORT.CONTENT6" : "Visualización de transacciones relacionadas con la creación y modificación de cuentas multisig",
    "SETTINGS" : "Ajustes",
    "SETTINGS.WALLET_GUIDE" : "Guía de la wallet",
    "SETTINGS.WALLET_GUIDE.DESC" : "Lo que necesita saber para tomar las medidas adecuadas para asegurar su wallet. ",
    "SETTINGS.WALLET_GUIDE.PAGE1.TITLE" : "¿Qué es la ProximaX Wallet?",
    "SETTINGS.WALLET_GUIDE.PAGE1.CONTENT1" : "La aplicación ProximaX Wallet es una interfaz gratuita del lado del cliente que le permite interactuar directamente con la blockchain mientras mantiene el control total de sus llaves y fondos.",
    "SETTINGS.WALLET_GUIDE.PAGE1.CONTENT2" : "En ProximaX, nos comprometemos a ayudarlo a proteger sus activos digitales. Todas las actualizaciones de nuestra wallet se someten a rigurosas pruebas para garantizar que todo lo que tenga en su wallet sea seguro. Sin embargo, una gran parte de mantener su wallet y su contenido a salvo depende de USTED.",
    "SETTINGS.WALLET_GUIDE.PAGE2.TITLE" : "Asegurar sus llaves privadas y contraseña",
    "SETTINGS.WALLET_GUIDE.PAGE2.CONTENT1" : "Cuando se genera su llave privada, solo usted la conoce. No tenemos absolutamente ningún acceso a ello. No podemos acceder a cuentas, recuperar llaves, restablecer contraseñas o revertir transacciones para usted.",
    "SETTINGS.WALLET_GUIDE.PAGE2.CONTENT2" : "Le recomendamos insistentemente que:",
    "SETTINGS.WALLET_GUIDE.PAGE2.CONTENT3":"Escriba sus llaves privadas y contraseña. Guárdelas en un lugar seguro.",
    "SETTINGS.WALLET_GUIDE.PAGE2.CONTENT4":"No almacene sus llaves y contraseña en su computadora o teléfono, especialmente si son verificadas por otras partes.",
    "SETTINGS.WALLET_GUIDE.PAGE3.TITLE" : "¿Dónde se almacenan mis tokens digitales?",
    "SETTINGS.WALLET_GUIDE.PAGE3.CONTENT1" : "Contrariamente a la creencia popular, sus activos digitales nunca se almacenan en una wallet criptográfica. Todos los activos digitales residen en la propia blockchain y ProximaX no controla sus activos digitales de ninguna manera.",
    "SETTINGS.WALLET_GUIDE.PAGE3.CONTENT2" : "¡IMPORTANTE!",
    "SETTINGS.WALLET_GUIDE.PAGE3.CONTENT3" : "Nunca reveles tus llaves privadas a nadie.",
    "SETTINGS.WALLET_GUIDE.PAGE3.CONTENT4" : "Nunca le pediremos sus llaves privadas (y nadie debería hacerlo).",
    "SETTINGS.WALLET_GUIDE.PAGE3.CONTENT5" : "No regalamos XPX.",
    "SETTINGS.WALLET_GUIDE.PAGE3.CONTENT6" : "Nunca le pediremos que nos envíe XPX.",
    "SETTINGS.WALLET_GUIDE.PAGE4.TITLE" : "¿Por qué usar cryptomoneda y blockchain?",
    "SETTINGS.WALLET_GUIDE.PAGE4.CONTENT1" : "El propósito de la criptomoneda es permitirle tomar el control total y administrar sus tokens digitales de forma anónima y segura, desde cualquier ubicación sin depender de terceros.",
    "SETTINGS.WALLET_GUIDE.PAGE4.CONTENT2" : "La única información necesaria para hacer esto es tener su dirección pública y sus llaves privadas.",
    "SETTINGS.WALLET_GUIDE.PAGE5.TITLE" : "¡Felicitaciones por tomar el control total de sus activos digitales!",
    "SETTINGS.WALLET_GUIDE.PAGE5.CONTENT1" : "Gracias por leer a través de nuestra guía. ¡Ya estás listo para bucear! Si desea saber más, contáctenos a través de Telegram aquí:",
    "SETTINGS.WHATS_NEW" : "Qué hay de nuevo",
    "SETTINGS.NODES" : "Nodos",
    "SETTINGS.NODES.DESC":"Los nodos se distribuyen en una amplia red y realizan diversas tareas, como mantener una copia de los registros de una blockchain y procesar las transacciones.",
    "SETTINGS.NODES.BLOCKHEIGHT" : "Altura del bloque",
    "SETTINGS.NODES.ACTIVE" : "Activo",
    "SETTINGS.NODES.SELECT" : "Seleccione un nodo",
    "SETTINGS.NODES.CUSTOM" : "Personalizado",
    "SETTINGS.NODES.CUSTOM_IP" : "Nodo personalizado o IP",
    "SETTINGS.NODES.SWITCH" : "Estás conectado correctamente a {{host}}",
    "SETTINGS.RESET_PIN" : "Restablecer PIN",
    "SETTINGS.CHANGELOG": "Registro de cambios",
    "SETTINGS.LANGUAGE": "Idioma",
    "SETTINGS.LANGUAGE.DESC":"Puede cambiar el idioma de la pantalla a su idioma preferido en cualquier momento.",
    "SETTINGS.LANGUAGE.SWITCH": "El idioma de la aplicación cambiará a {{lang}}.",
    "SETTINGS.LOGOUT" : "Cerrar sesión"
}