{
    "APP.ERROR":"Quelque chose s'est mal passé. Veuillez réessayer",
    "APP.INVALID.USERNAME_OR_PASSWORD": "Le nom d'utilisateur ou le mot de passe que vous avez tapé est incorrect.",
    "APP.BUTTON.TRY_AGAIN": "Réessayer",
    "APP.COMMON.USERNAME" : "Utilisateur",
    "APP.COMMON.USERNAME.PLACEHOLDER" : "Entrez votre nom d’utilisateur",
    "APP.COMMON.PASSWROD" : "Mot de passe",
    "APP.COMMON.PASSWROD.PLACEHOLDER" : "Entrez votre mot de passe",
    "APP.EMPTY.MOSAICS":"Vos mosaic apparaîtront ici. Il n'y en a pas pour le moment.",
    "APP.EMPTY.TRANSACTIONS":"Vos transactions apparaîtront ici. Il n'y en a pas pour le moment..",
    "APP.EMPTY.CONTACT":"Vos contacts apparaîtront ici. Il n'y en a pas pour le moment.",
    "APP.LOGIN" : "Connexion",
    "APP.LOGIN.DESC" : "Connectez-vous à votre compte pour accéder à votre portefeuille.",
    "APP.SIGNUP" : "S'inscrire",
    "APP.SIGNUP.DESC" : "Créez un compte pour accéder à toutes les fonctionnalités du portefeuille. ",
    "APP.SIGNUP.CONFIRM_PASSWORD" : "Confirmer le mot de passe ",
    "APP.SIGNUP.CONFIRM_PASSWORD.PLACEHOLDER" : "Confirmez votre mot de passe",
    "APP.SIGNUP.CONFIRM_PASSWORD.MESSAGE" : "Les mots de passe ne correspondent pas",
    "APP.PIN.SETUP.TITLE" : "Configuration du code PIN à 6 chiffres",
    "APP.PIN.SETUP.DESC" : "Veuillez sélectionner un PIN à 6 chiffres pour accéder à votre portefeuille. IMPORTANT: N'oubliez pas ce PIN car nous ne pourrons pas la récupérer pour vous.",
    "APP.PIN.VERIFY.TITLE" : "Ressaisir le code PIN",
    "APP.PIN.CONFIRM.TITLE" : "Le portefeuille est sécurisé",
    "APP.PIN.CONFIRM" : "Veuillez entrer votre code PIN",
    "WALLETS.TITLE" : "Portefeuille",
    "WALLETS.WALLET_NAME" : "Nom du portefeuille",
    "WALLETS.BALANCE" : "Balance",
    "WALLETS.MOSAICS" : "Mosaics",
    "WALLETS.TRANSACTIONS" : "Transactions",
    "WALLETS.ADDRESS" : "Adresse",
    "WALLETS.PUBLIC_KEY" : "Clé publique",
    "WALLETS.IMPORTANCE_SCORE" : "Score d'importance",
    "WALLETS.VESTED_BALANCE" : "Solde acquis",
    "WALLETS.MORE_DETAILS" : "Plus de détails",
    "WALLETS.EXPORT" : "Export /sauvegarde",
    "WALLETS.EXPORT.PRIVATE_KEY_TITLE" : "Exporter le portefeuille & Clé privé",
    "WALLETS.EXPORT.PRIVATE_KEY_DESC" : "Nous vous recommandons vivement de sauvegarder votre portefeuille et votre clé privée. Il est de votre responsabilité de les conserver dans un endroit sûr. ProximaX ne stocke aucune de vos données, nous ne pouvons donc pas vous aider à récupérer votre portefeuille ou à accéder à vos ressources numériques en cas d'erreur humaine ou de défaillance du système.",
    "WALLETS.EXPORT.BACKUP_WALLET" : "Portefeuille de sauvegarde",
    "WALLETS.EXPORT.BACKUP_WALLET.QRCODE" : "Exporter via QR code",
    "WALLETS.EXPORT.BACKUP_WALLET.QRCODE.BACKUP_WALLET" : "Restaurer votre portefeuille",
    "WALLETS.EXPORT.BACKUP_WALLET.QRCODE.BACKUP_WALLET.CONTENT1" : "Prenez une capture d'écran de votre code QR et de votre clé privée.",
    "WALLETS.EXPORT.BACKUP_WALLET.QRCODE.BACKUP_WALLET.CONTENT2" : "Assurez-vous de le ranger dans un endroit sûr.",
    "WALLETS.EXPORT.BACKUP_WALLET.QRCODE.RESTORE_WALLET" : "Restaurer votre portefeuille via un code QR",
    "WALLETS.EXPORT.BACKUP_WALLET.QRCODE.RESTORE_WALLET.CONTENT1" : "Vous pourrez utiliser le code QR ultérieurement pour restaurer votre portefeuille..",
    "WALLETS.EXPORT.BACKUP_WALLET.QRCODE.RESTORE_WALLET.CONTENT2" : "Le code QR contient votre clé privée cryptée. Assurez-vous de vous souvenir du mot de passe de votre compte pour récupérer votre portefeuille.",
    "WALLETS.EXPORT.COPY_PRIVATE_KEY" : "Copier la clé privée",
    "WALLETS.EXPORT.COPY_PRIVATE_KEY.RESPONSE": "Clé privée copiée avec succès",
    "WALLETS.EXPORT.EXPORT_PRIVATE_KEY" : "Exporter la clé privée",
    "WALLETS.CREATE.TITLE" : "Créer un portefeuille",
    "WALLETS.CREATE.DESC" : "C'est gratuit et vous pouvez en créer autant que vous le souhaitez.",
    "WALLETS.CREATE.NEW" : "Nouveau portefeuille",
    "WALLETS.CREATE.NEW.TITLE" : "Créer un nouveau portefeuille",
    "WALLETS.CREATE.NEW.DESC" : "Pour créer un nouveau portefeuille, entrez le nom de votre portefeuille.",
    "WALLETS.CREATE.IMPORT" : "Importer un portefeuille",
    "WALLETS.CREATE.IMPORT.TITLE" : "Importer un portefeuille",
    "WALLETS.CREATE.IMPORT.DESC" : "Pour importer votre portefeuille, entrez le nom de votre portefeuille et collez votre clé privée ci-dessous.",
    "WALLETS.CREATE.IMPORT.QR_SCAN" : "ou scannez le code QR à la place??",
    "WALLETS.CREATE.IMPORT.PRIVATE_KEY.LABEL" : "Clé privée ",
    "WALLETS.CREATE.IMPORT.PRIVATE_KEY.PLACEHOLDER" : "Entrez votre clé privée",
    "WALLETS.EDIT" : "Modifier le portefeuille",
    "WALLETS.EDIT.PROMPT" : "Mettre à jour le portefeuille {{walletName}}.",
    "WALLETS.EDIT.DESC" : "Pour enregistrer vos modifications, mettez à jour les informations ci-dessous et appuyez sur Enregistrer.",
    "WALLETS.DELETE" : "Supprimer le portefeuille",
    "WALLETS.DELETE.WARNING" : "Vous êtes sur le point de supprimer le portefeuille {{walletName}}!",
    "WALLETS.DELETE.DESC" : "Poursuivre cette action supprimera le portefeuille de votre compte et il ne pourra plus être annulé. Assurez-vous de sauvegarder d'abord votre portefeuille afin de pouvoir le récupérer à tout moment.",
    "WALLETS.COMMON.CHOOSE_COLOR" : "Choisissez la couleur du portefeuille",
    "WALLETS.COMMON.LABEL.WALLET_NAME" : "Nom du portefeuille",
    "WALLETS.COMMON.PLACEHOLDER.WALLET_NAME" : "Entrez votre nom de portefeuille",
    "WALLETS.BUTTON.EDIT" : "modifier",
    "WALLETS.BUTTON.DELETE" : "Effacer",
    "WALLETS.BUTTON.DONE" : "Terminer",
    "WALLETS.BUTTON.CANCEL" : "Annuler",
    "WALLETS.BUTTON.CONTINUE" : "Continuer",
    "WALLETS.BUTTON.CONFIRM" : "Confirmer",
    "WALLETS.BUTTON.COPY" : "Copier",
    "WALLETS.BUTTON.EXPORT" : "Exporter",
    "WALLETS.SEND" : "Envoyer",
    "WALLETS.SEND.PROMPT" : "Sélectionnez le type de transaction",
    "WALLETS.SEND.NORMAL" : "Transaction normale",
    "WALLETS.SEND.MULTISIG" : "Transaction multi-signature",
    "WALLETS.SEND.AMOUNT" : "Quantité",
    "WALLETS.SEND.SELECT_MULTISIG_ACCOUNT":"Sélectionnez un compte multisig",
    "WALLETS.SEND.ADDRESS" : "Addresse",
    "WALLETS.SEND.ADDRESS.OPTION.TITLE" : "Options de saisie d'adresse",
    "WALLETS.SEND.ADDRESS.OPTION1" : "Entrer manuellement",
    "WALLETS.SEND.ADDRESS.OPTION2" : "Sélectionner dans le carnet d'adresses",
    "WALLETS.SEND.NOTES" : "Notes (facultatif)",
    "WALLETS.CONFIRM.TITLE" : "Confirmer la transaction",
    "WALLETS.SEND.LABEL.NOTES" : "Notes",
    "WALLETS.SEND.LABEL.FEE" : "Frais",
    "WALLETS.SEND.LABEL.FROM" : "De",
    "WALLETS.SEND.LABEL.TO" : "À",
    "WALLETS.RECEIVE" : "Recevoir",
    "WALLETS.DETAIL.PRICE_CHART" : "Prix ​​Chart",
    "WALLETS.DETAIL.INFO" : "Info",
    "WALLETS.DETAIL.STATS" : "Statistiques",
    "WALLETS.DETAIL.MARKET_RANK" : "Rang du marché",
    "WALLETS.DETAIL.MARKET_CAP" : "Capitalisation boursière",
    "WALLETS.DETAIL.TRADING_VOLUME" : "Volume d'échanges",
    "WALLETS.DETAIL.24H_HIGH" : "24H haut",
    "WALLETS.DETAIL.24H_LOW" : "24H bas",
    "WALLETS.DETAIL.CIRCULATING" : "Circulé",
    "WALLETS.DETAIL.TOTAL_SUPPLY" : "Total de l'offre",
    "WALLETS.DETAIL.HOME_PAGE" : "Page d'accueil",
    "WALLETS.DETAIL.ANNOUNCEMENT" : "Annonce",
    "WALLETS.DETAIL.EXPLORER" : "Explorateur",
    "WALLETS.DETAIL.GENESIS_DATE" : "Date de la genèse",
    "WALLETS.DETAIL.FACEBOOK" : "Facebook",
    "WALLETS.DETAIL.TWITTER" : "Gazouillement",
    "NOTIFICATIONS" : "Les notifications",
    "SERVICES" : "Prestations de service",
    "SERVICES.ADDRESS_BOOK.TITLE" : "Carnet d'adresses",
    "SERVICES.ADDRESS_BOOK.DESC" : "Permet un accès facile à vos contacts en conservant les détails de leur compte.",
    "SERVICES.ADDRESS_BOOK.ADD_CONTACT":"Ajouter un nouveau contact",
    "SERVICES.ADDRESS_BOOK.FIELDS.NAME":"Nom",
    "SERVICES.ADDRESS_BOOK.FIELDS.WALLET_ADDRESS":"Adresse du wallet",
    "SERVICES.ADDRESS_BOOK.FIELDS.TELEGRAM":"Telegram",
    "SERVICES.ADDRESS_BOOK.FIELDS.TELEGRAM_OPTIONAL":"Nom d'utilisateur Telegram (Optionnel)",
    "SERVICES.ADDRESS_BOOK.ADD.SUBTITLE":"Pour créer un nouveau contact, remplissez le formulaire ci-dessous.",
    "SERVICES.ADDRESS_BOOK.DETAIL.TITLE":"Détails du contact",
    "SERVICES.ADDRESS_BOOK.UPDATE.TITLE":"Mettre à jour le contact",
    "SERVICES.ADDRESS_BOOK.UPDATE.SUBTITLE":"Pour mettre à jour un contact, modifiez le formulaire ci-dessous.",
    "SERVICES.ADDRESS_BOOK.DELETE.CONFIRM":"Supprimer {{contactName}}?",
    "SERVICES.ADDRESS_BOOK.DELETE.WARNING":"Si vous continuez cette action, ce contact sera supprimé de votre carnet d'adresses et ne pourra pas être restauré. ",
    "SERVICES.ADDRESS_BOOK.CONFIRM_REMOVE":"Vous êtes sûr de vouloir supprimer {{contact.name}}?",
    "SERVICES.MULTISIGN_SUPPORT.TITLE" : "Prise en charge multisign",
    "SERVICES.MULTISIGN_SUPPORT.DESC" : "Une info rapide sur la manière dont multisig est actuellement prise en charge par l'application.",
    "SERVICES.MULTISIGN_SUPPORT.TITLE1" : "À l'heure actuelle, l'application prend en charge les éléments suivants:",
    "SERVICES.MULTISIGN_SUPPORT.CONTENT1" : "Envoi de plusieurs transactions",
    "SERVICES.MULTISIGN_SUPPORT.CONTENT2" : "Signature de transactions multisig",
    "SERVICES.MULTISIGN_SUPPORT.CONTENT3" : "Affichage de l'historique des transactions multisig",
    "SERVICES.MULTISIGN_SUPPORT.TITLE2" : "Les éléments suivants seront pris en charge dans une prochaine version de l'application::",
    "SERVICES.MULTISIGN_SUPPORT.CONTENT4" : "Création de comptes multi-comptes",
    "SERVICES.MULTISIGN_SUPPORT.CONTENT5" : "Edition de comptes multi-comptes",
    "SERVICES.MULTISIGN_SUPPORT.CONTENT6" : "Visualisation des transactions liées à la création et à la modification de comptes multisig",
    "SETTINGS" : "Réglages",
    "SETTINGS.WALLET_GUIDE" : "Guide de portefeuille",
    "SETTINGS.WALLET_GUIDE.DESC" : "Ce que vous devez savoir pour prendre les mesures appropriées pour sécuriser votre portefeuille.",
    "SETTINGS.WALLET_GUIDE.PAGE1.TITLE" : "Qu'est-ce que le portefeuille ProximaX?",
    "SETTINGS.WALLET_GUIDE.PAGE1.CONTENT1" : "L'application ProximaX Wallet est une interface gratuite côté client qui vous permet d'interagir directement avec la blockchain tout en gardant le contrôle total sur vos clés et vos fonds.",
    "SETTINGS.WALLET_GUIDE.PAGE1.CONTENT2" : "Chez ProximaX, nous nous engageons à vous aider à sécuriser vos actifs numériques. Toutes nos mises à jour de portefeuille sont soumises à des tests rigoureux afin de s'assurer que tout ce que vous avez dans votre portefeuille est sécuritaire. Cependant, une grande partie de la sécurité de votre portefeuille et de son contenu dépend de VOUS.",
    "SETTINGS.WALLET_GUIDE.PAGE2.TITLE" : "Sécurisation de vos clés privées et de votre mot de passe",
    "SETTINGS.WALLET_GUIDE.PAGE2.CONTENT1" : "Lorsque votre clé privée est générée, elle n'est connue que de vous. Nous n'y avons absolument aucun accès. Nous ne pouvons pas accéder aux comptes, récupérer les clés, réinitialiser les mots de passe ou inverser les transactions pour vous.",
    "SETTINGS.WALLET_GUIDE.PAGE2.CONTENT2" : "Nous vous le recommandons fortement:",
    "SETTINGS.WALLET_GUIDE.PAGE2.CONTENT3":"Notez vos clés privées et votre mot de passe et stockez-les dans un endroit sûr.",
    "SETTINGS.WALLET_GUIDE.PAGE2.CONTENT4":"Ne conservez pas vos clés et votre mot de passe sur votre ordinateur ou votre téléphone.",
    "SETTINGS.WALLET_GUIDE.PAGE3.TITLE" : "Où mes token numériques sont-ils stockés?",
    "SETTINGS.WALLET_GUIDE.PAGE3.CONTENT1" : "Contrairement à la croyance populaire, vos biens numériques ne sont jamais stockés dans un porte-monnaie électronique. Tous les actifs numériques se trouvent sur la blockchain elle-même et ProximaX ne contrôle en aucune façon vos actifs numériques.",
    "SETTINGS.WALLET_GUIDE.PAGE3.CONTENT2" : "IMPORTANT!",
    "SETTINGS.WALLET_GUIDE.PAGE3.CONTENT3" : "Ne révélez jamais vos clés privées à personne.",
    "SETTINGS.WALLET_GUIDE.PAGE3.CONTENT4" : "Nous ne vous demanderons jamais vos clés privées (et personne ne le devrait non plus).",
    "SETTINGS.WALLET_GUIDE.PAGE3.CONTENT5" : "Nous ne donnons pas XPX gratuit.",
    "SETTINGS.WALLET_GUIDE.PAGE3.CONTENT6" : "Nous ne vous demanderons jamais de nous envoyer XPX.",
    "SETTINGS.WALLET_GUIDE.PAGE4.TITLE" : "Pourquoi utiliser les cryptomonnaies et la blockchain?",
    "SETTINGS.WALLET_GUIDE.PAGE4.CONTENT1" : "Le but de la cryptomonnaies est de vous permettre de prendre le contrôle total et de gérer vos token numériques de manière anonyme et sécurisée, de n'importe où, sans dépendre de tiers.",
    "SETTINGS.WALLET_GUIDE.PAGE4.CONTENT2" : "La seule information nécessaire pour ce faire est d'avoir votre adresse publique et vos clés privées.",
    "SETTINGS.WALLET_GUIDE.PAGE5.TITLE" : "Félicitations pour avoir pris le contrôle total de vos actifs numériques!",
    "SETTINGS.WALLET_GUIDE.PAGE5.CONTENT1" : "Merci d'avoir lu notre guide. Vous êtes maintenant prêt à plonger ! Si vous souhaitez en savoir plus, contactez-nous sur Telegram ici:",
    "SETTINGS.WHATS_NEW" : "Quoi de nouveau",
    "SETTINGS.NODES" : "Nodes",
    "SETTINGS.NODES.DESC":"Les nodes sont répartis sur un réseau étendu et exécutent une variété de tâches telles que la maintenance d'une copie d'une chaîne de blocs d'enregistrements et le traitement des transactions.",
    "SETTINGS.NODES.BLOCKHEIGHT" : "Hauteur du bloc",
    "SETTINGS.NODES.ACTIVE" : "Active",
    "SETTINGS.NODES.SELECT" : "Sélectionnez un node",
    "SETTINGS.NODES.CUSTOM" : "Personnaliser",
    "SETTINGS.NODES.CUSTOM_IP" : "Noeud personnalisé ou IP",
    "SETTINGS.NODES.SWITCH" : "Vous êtes connecté avec succès à {{host}}",
    "SETTINGS.RESET_PIN" : "Réinitialiser le PIN",
    "SETTINGS.CHANGELOG": "Changelog",
    "SETTINGS.LANGUAGE": "La langue",
    "SETTINGS.LANGUAGE.DESC":"Vous pouvez changer la langue d'affichage en votre langue préférée à tout moment.",
    "SETTINGS.LANGUAGE.SWITCH": "La langue de l'application passera à {{lang}}.",
    "SETTINGS.LOGOUT" : "Déconnexion"
}