{
    "APP.ERROR":"何か問題がありました。もう一度やり直してください",
    "APP.INVALID.USERNAME_OR_PASSWORD": "入力されたユーザー名またはパスワードは正しくありません",
    "APP.BUTTON.TRY_AGAIN": "再試行する",
    "APP.COMMON.USERNAME" : "ユーザーネーム",
    "APP.COMMON.USERNAME.PLACEHOLDER" : "ユーザーネームを入力してください",
    "APP.COMMON.PASSWROD" : "パスワード",
    "APP.COMMON.PASSWROD.PLACEHOLDER" : "パスワードを入力してください",
    "APP.EMPTY.MOSAICS":"ここにあなたのMosaicが表示されます。（今は表示されません）",
    "APP.EMPTY.TRANSACTIONS":"あなたの取引が表示されます（今は表示されません）",
    "APP.EMPTY.CONTACT":"あなたの連絡先が表示されます（今は表示されません）",
    "APP.LOGIN" : "ログイン",
    "APP.LOGIN.DESC" : "ウォレットにアクセスするにはアカウントにログインしてください",
    "APP.SIGNUP" : "サインアップ",
    "APP.SIGNUP.DESC" : "ウォレットのすべての機能にアクセスするにはアカウントを作成してください",
    "APP.SIGNUP.CONFIRM_PASSWORD" : "パスワードの確認",
    "APP.SIGNUP.CONFIRM_PASSWORD.PLACEHOLDER" : "パスワードを確認してください",
    "APP.SIGNUP.CONFIRM_PASSWORD.MESSAGE" : "パスワードが一致しません",
    "APP.PIN.SETUP.TITLE" : "６桁 PINの設定",
    "APP.PIN.SETUP.DESC" : "ウォレットにアクセスするには６桁PINを設定してください 重要：PINの再作成はできませんので必ず備忘対策を実施してください。",
    "APP.PIN.VERIFY.TITLE" : "PINを再入力してください",
    "APP.PIN.CONFIRM.TITLE" : "ウォレットは安全です",
    "APP.PIN.CONFIRM" : "PINを入力してください",
    "WALLETS.TITLE" : "ウォレット",
    "WALLETS.WALLET_NAME" : "ウォレット名",
    "WALLETS.BALANCE" : "残高",
    "WALLETS.MOSAICS" : "モザイク",
    "WALLETS.TRANSACTIONS" : "取引",
    "WALLETS.ADDRESS" : "アドレス",
    "WALLETS.PUBLIC_KEY" : "公共鍵",
    "WALLETS.IMPORTANCE_SCORE" : "重要性スコア",
    "WALLETS.VESTED_BALANCE" : "既得残高",
    "WALLETS.MORE_DETAILS" : "詳細",
    "WALLETS.EXPORT" : "エクスポート/バックアップ",
    "WALLETS.EXPORT.PRIVATE_KEY_TITLE" : "ウォレットとプライベート鍵のエクスポート",
    "WALLETS.EXPORT.PRIVATE_KEY_DESC" : "あなたのウォレットとプライベート鍵をバックアップしておく事を強くお勧めします。これらを安全な場所に保管しておくことはユーザーの責任です。ProximaXではウォレットとプライベート鍵の情報は保管していないため、人的ミスやシステム障害で上記情報が失われた場合、あなた自身がバックアップを持っていないとウォレットやデジタル資産へのアクセスを復旧させることはできません。",
    "WALLETS.EXPORT.BACKUP_WALLET" : "ウォレットのバックアップ",
    "WALLETS.EXPORT.BACKUP_WALLET.QRCODE" : "QRコードでエキスポート",
    "WALLETS.EXPORT.BACKUP_WALLET.QRCODE.BACKUP_WALLET" : "ウォレットをバックアップしてください",
    "WALLETS.EXPORT.BACKUP_WALLET.QRCODE.BACKUP_WALLET.CONTENT1" : "あなたのQRコードとプライベート鍵のスクリーンショットを取得してください",
    "WALLETS.EXPORT.BACKUP_WALLET.QRCODE.BACKUP_WALLET.CONTENT2" : "安全な場所に保存した事を確認してください",
    "WALLETS.EXPORT.BACKUP_WALLET.QRCODE.RESTORE_WALLET" : "QRコードであなたのウォレットを復元します",
    "WALLETS.EXPORT.BACKUP_WALLET.QRCODE.RESTORE_WALLET.CONTENT1" : "このQRコードを利用してあなたのウォレットを復元できます",
    "WALLETS.EXPORT.BACKUP_WALLET.QRCODE.RESTORE_WALLET.CONTENT2" : "このQRコードは暗号化されたプライベート鍵を含んでいます。あなたのウォレットを復元する際に必要になるため、パスワードを必ず覚えておいてください",
    "WALLETS.EXPORT.COPY_PRIVATE_KEY" : "プライベート鍵をコピー",
    "WALLETS.EXPORT.COPY_PRIVATE_KEY.RESPONSE": "プライベート鍵のコピーが完了しました",
    "WALLETS.EXPORT.EXPORT_PRIVATE_KEY" : "プライベート鍵のエクスポート",
    "WALLETS.CREATE.TITLE" : "ウォレットを作成",
    "WALLETS.CREATE.DESC" : "無料のため、幾つでも作成する事ができます",
    "WALLETS.CREATE.NEW" : "新しいウォレット",
    "WALLETS.CREATE.NEW.TITLE" : "新しいウォレットを作成する",
    "WALLETS.CREATE.NEW.DESC" : "新しいウォレットを作成するため、ウォレット名を入力してください",
    "WALLETS.CREATE.IMPORT" : "ウォレットをインポート",
    "WALLETS.CREATE.IMPORT.TITLE" : "ウォレットをインポート",
    "WALLETS.CREATE.IMPORT.DESC" : "ウォレットをインポートするには、ウォレット名を入力し、プライベート鍵をペーストしてください",
    "WALLETS.CREATE.IMPORT.QR_SCAN" : "もしくはQRコードをスキャンしてください",
    "WALLETS.CREATE.IMPORT.PRIVATE_KEY.LABEL" : "プライベート鍵",
    "WALLETS.CREATE.IMPORT.PRIVATE_KEY.PLACEHOLDER" : "プライベート鍵を入力してください",
    "WALLETS.EDIT" : "ウォレットの編集",
    "WALLETS.EDIT.PROMPT" : "ウォレットをアップデートしてください  {{walletName}}.",
    "WALLETS.EDIT.DESC" : "変更を保存するには、情報をアップデート後、Saveを押してください",
    "WALLETS.DELETE" : "ウォレットの削除",
    "WALLETS.DELETE.WARNING" : "{{walletName}}ウォレットを削除しようとしています",
    "WALLETS.DELETE.DESC" : "このアクションを続けるとあなたのアカウントからこのウォレットが削除され、元に戻す事はできません。ウォレットをバックアップし、いつでも復元できるようにしてください。",
    "WALLETS.COMMON.CHOOSE_COLOR" : "ウォレットの色を選択",
    "WALLETS.COMMON.LABEL.WALLET_NAME" : "ウォレット名",
    "WALLETS.COMMON.PLACEHOLDER.WALLET_NAME" : "ウォレット名を入力して下さい",
    "WALLETS.BUTTON.EDIT" : "編集する",
    "WALLETS.BUTTON.DELETE" : "削除する",
    "WALLETS.BUTTON.DONE" : "完了",
    "WALLETS.BUTTON.CANCEL" : "キャンセル",
    "WALLETS.BUTTON.CONTINUE" : "継続",
    "WALLETS.BUTTON.CONFIRM" : "確認",
    "WALLETS.BUTTON.COPY" : "コピー",
    "WALLETS.BUTTON.EXPORT" : "エクスポート",
    "WALLETS.SEND" : "送信",
    "WALLETS.SEND.PROMPT" : "取引タイプを選択",
    "WALLETS.SEND.NORMAL" : "通常の取引",
    "WALLETS.SEND.MULTISIG" : "複数署名取引",
    "WALLETS.SEND.AMOUNT" : "合計",
    "WALLETS.SEND.SELECT_MULTISIG_ACCOUNT":"相互署名アカウントを選択する",
    "WALLETS.SEND.ADDRESS" : "アドレス",
    "WALLETS.SEND.ADDRESS.OPTION.TITLE" : "アドレス 入力オプション",
    "WALLETS.SEND.ADDRESS.OPTION1" : "マニュアル入力",
    "WALLETS.SEND.ADDRESS.OPTION2" : "アドレス帳から選択",
    "WALLETS.SEND.NOTES" : "備考（オプション）",
    "WALLETS.CONFIRM.TITLE" : "取引を確認する",
    "WALLETS.SEND.LABEL.NOTES" : "備考",
    "WALLETS.SEND.LABEL.FEE" : "費用",
    "WALLETS.SEND.LABEL.FROM" : "から",
    "WALLETS.SEND.LABEL.TO" : "へ",
    "WALLETS.RECEIVE" : "受取",
    "WALLETS.DETAIL.PRICE_CHART" : "価格表",
    "WALLETS.DETAIL.INFO" : "情報",
    "WALLETS.DETAIL.STATS" : "統計",
    "WALLETS.DETAIL.MARKET_RANK" : "マーケットランク",
    "WALLETS.DETAIL.MARKET_CAP" : "時価総額",
    "WALLETS.DETAIL.TRADING_VOLUME" : "取引ボリューム",
    "WALLETS.DETAIL.24H_HIGH" : "24時間",
    "WALLETS.DETAIL.24H_LOW" : "24H低",
    "WALLETS.DETAIL.CIRCULATING" : "循環する",
    "WALLETS.DETAIL.TOTAL_SUPPLY" : "総供給",
    "WALLETS.DETAIL.HOME_PAGE" : "ホームページ",
    "WALLETS.DETAIL.ANNOUNCEMENT" : "発表",
    "WALLETS.DETAIL.EXPLORER" : "冒険者",
    "WALLETS.DETAIL.GENESIS_DATE" : "創世記",
    "WALLETS.DETAIL.FACEBOOK" : "フェイスブック",
    "WALLETS.DETAIL.TWITTER" : "Twitter",
    "NOTIFICATIONS" : "連絡事項",
    "SERVICES" : "サービス",
    "SERVICES.ADDRESS_BOOK.TITLE" : "アドレス帳",
    "SERVICES.ADDRESS_BOOK.DESC" : "相手のアカウントの詳細を保持し、あなたへコンタクトを簡単にする",
    "SERVICES.ADDRESS_BOOK.ADD_CONTACT":"新たなコンタクトを作成する",
    "SERVICES.ADDRESS_BOOK.FIELDS.NAME":"名",
    "SERVICES.ADDRESS_BOOK.FIELDS.WALLET_ADDRESS":"ウォレットアドレス",
    "SERVICES.ADDRESS_BOOK.FIELDS.TELEGRAM":"電報",
    "SERVICES.ADDRESS_BOOK.FIELDS.TELEGRAM_OPTIONAL":"電報のユーザー名（オプション）",
    "SERVICES.ADDRESS_BOOK.ADD.SUBTITLE":"新しい連絡先を作成するには、以下のフォームに記入してください。",
    "SERVICES.ADDRESS_BOOK.DETAIL.TITLE":"連絡先の詳細",
    "SERVICES.ADDRESS_BOOK.UPDATE.TITLE":"連絡先を更新する",
    "SERVICES.ADDRESS_BOOK.UPDATE.SUBTITLE":"連絡先を更新するには、以下のフォームを変更してください。",
    "SERVICES.ADDRESS_BOOK.DELETE.CONFIRM":"削除する {{contactName}}?",
    "SERVICES.ADDRESS_BOOK.DELETE.WARNING":"この操作を続けるとアドレス帳からこの連絡先が削除され、元に戻すことはできません。",
    "SERVICES.ADDRESS_BOOK.CONFIRM_REMOVE":"本当に捨ててもいいのかい {{contact.name}}?",
    "SERVICES.MULTISIGN_SUPPORT.TITLE" : "相互署名 サポート",
    "SERVICES.MULTISIGN_SUPPORT.DESC" : "このアプリで相互署名が現状どのようにサポートされているかに関する情報です。",
    "SERVICES.MULTISIGN_SUPPORT.TITLE1" : "現在、このアプリでは下記がサポートされています",
    "SERVICES.MULTISIGN_SUPPORT.CONTENT1" : "相互署名 取引の送信",
    "SERVICES.MULTISIGN_SUPPORT.CONTENT2" : "相互署名取引への署名",
    "SERVICES.MULTISIGN_SUPPORT.CONTENT3" : "相互署名取引履歴の参照 ",
    "SERVICES.MULTISIGN_SUPPORT.TITLE2" : "将来、アプリでは下記がサポートされる予定です。",
    "SERVICES.MULTISIGN_SUPPORT.CONTENT4" : "相互署名アカウントの作成",
    "SERVICES.MULTISIGN_SUPPORT.CONTENT5" : "相互署名アカウントの編集",
    "SERVICES.MULTISIGN_SUPPORT.CONTENT6" : "相互署名アカウントの作成と変更に関する取引の参照",
    "SETTINGS" : "設定",
    "SETTINGS.WALLET_GUIDE" : "ウォレットのガイド",
    "SETTINGS.WALLET_GUIDE.DESC" : "あなたのウォレットを安全に保つため、正しいステップを取る事が必要です ",
    "SETTINGS.WALLET_GUIDE.PAGE1.TITLE" : "ProximaXウォレットとは何か?",
    "SETTINGS.WALLET_GUIDE.PAGE1.CONTENT1" : "ProximaXウォレットは無料のユーザーインターフェイスで、ユーザーは自身の鍵と資産への完全なコントロールを保ちつつ、ブロックチェーンで相互に直接取引を可能にします。",
    "SETTINGS.WALLET_GUIDE.PAGE1.CONTENT2" : "ProximaXでは、ユーザーのデジタル資産を安全に保つ事を手助けします。全てのウォレットアップデートは、ウォレット内に保存されている情報を安全に保つため、厳しくテストされています。ただし、ウォレットとの内容を安全に保つのはあなたの責任です",
    "SETTINGS.WALLET_GUIDE.PAGE2.TITLE" : "あなたのプライベート鍵とパスワードを安全に保つには",
    "SETTINGS.WALLET_GUIDE.PAGE2.CONTENT1" : "あなたのプライベート鍵が生成されたら、それを知っているのはあなただけです。私達はアクセスできません。私達はアカウントへアクセスしたり、鍵を復旧したり、パスワードを再設定したり、取引をキャンセルしたりすることはできません",
    "SETTINGS.WALLET_GUIDE.PAGE2.CONTENT2" : "下記を強く推奨します",
    "SETTINGS.WALLET_GUIDE.PAGE2.CONTENT3":"あなたのプライベート鍵とパスワードを安全な場所に保存してください",
    "SETTINGS.WALLET_GUIDE.PAGE2.CONTENT4":"コンピュータや携帯電話にプライベート鍵やパスワードを保存しないでください",
    "SETTINGS.WALLET_GUIDE.PAGE3.TITLE" : "私のデジタル資産はどこに保存されていますか？",
    "SETTINGS.WALLET_GUIDE.PAGE3.CONTENT1" : "誤解されていることが多いですが、あなたのデジタル資産は暗号化ウォレットには保存されていません。全てのデジタル資産はブロックチェーン上にあり、ProximaXはどのような形においてもあなたのデジタル資産をコントロールすることはありません",
    "SETTINGS.WALLET_GUIDE.PAGE3.CONTENT2" : "重要！",
    "SETTINGS.WALLET_GUIDE.PAGE3.CONTENT3" : "プライベート鍵を誰にも見せないでください ",
    "SETTINGS.WALLET_GUIDE.PAGE3.CONTENT4" : "私達があなたのプライベート鍵を教えるよう依頼する事はありません",
    "SETTINGS.WALLET_GUIDE.PAGE3.CONTENT5" : "私達はXPXを無料で提供する事はありません",
    "SETTINGS.WALLET_GUIDE.PAGE3.CONTENT6" : "私達はXPXを送るよう依頼する事はありません",
    "SETTINGS.WALLET_GUIDE.PAGE4.TITLE" : "なぜ暗号通貨とブロックチェーンを利用するのか",
    "SETTINGS.WALLET_GUIDE.PAGE4.CONTENT1" : "暗号通貨を利用する理由は、第三者に頼らず、どこからでも匿名かつ安全な形であなたのデジタル資産をコントロール、管理するようにするためです",
    "SETTINGS.WALLET_GUIDE.PAGE4.CONTENT2" : "それに必要なのはあなたの公共アドレスとプライベート鍵です",
    "SETTINGS.WALLET_GUIDE.PAGE5.TITLE" : "おめでとうございます！あなたのデジタル資産を完全にコントロールできるようになりました",
    "SETTINGS.WALLET_GUIDE.PAGE5.CONTENT1" : "私達のガイドを読んでいただき、ありがとうございます。準備が整いました。より詳細を知るためには、下記のテレグラムからご連絡ください。",
    "SETTINGS.WHATS_NEW" : "お知らせ",
    "SETTINGS.NODES" : "ノード",
    "SETTINGS.NODES.DESC":"ノードは分散配置されたネットワーク上に広がっており、ブロックチェーン記録のコピーの維持や取引の処理等、様々なタスクを実行しています",
    "SETTINGS.NODES.BLOCKHEIGHT" : "ブロック",
    "SETTINGS.NODES.ACTIVE" : "アクティブ",
    "SETTINGS.NODES.SELECT" : "ノードを選択",
    "SETTINGS.NODES.CUSTOM" : "カスタム",
    "SETTINGS.NODES.CUSTOM_IP" : "カスタムノードまたはIP",
    "SETTINGS.NODES.SWITCH" : "あなたは{{host}}に接続しました",
    "SETTINGS.RESET_PIN" : "PINをリセット",
    "SETTINGS.CHANGELOG": "変更履歴",
    "SETTINGS.LANGUAGE": "言語",
    "SETTINGS.LANGUAGE.DESC":"表示言語はいつでも好きな言語に変更できます。",
    "SETTINGS.LANGUAGE.SWITCH": "アプリの言語は{{lang}}に切り替わります。",
    "SETTINGS.LOGOUT" : "ログアウト"
}