{
    "APP.ERROR":"Something went wrong. Please try again",
    "APP.INVALID.USERNAME_OR_PASSWORD": "The username or password you entered is incorrect.",
    "APP.BUTTON.TRY_AGAIN": "Try again",
    "APP.COMMON.USERNAME" : "사용자명",
    "APP.COMMON.USERNAME.PLACEHOLDER" : "사용자명을 기입해주세요",
    "APP.COMMON.PASSWROD" : "비밀번호",
    "APP.COMMON.PASSWROD.PLACEHOLDER" : "비밀번호를 기입해주세요",
    "APP.EMPTY.MOSAICS":"Y모자이크가 이곳에 보여질 것입니다. 지금은 모자이크가 없습니다.",
    "APP.EMPTY.TRANSACTIONS":"거래 내용이 이곳에 보여질 것입니다. 지금은 거래 내용이 없습니다.",
    "APP.EMPTY.CONTACT.":"연락처가 이것에 나타날 것입니다. 지금은 연락처가 없습니다.",
    "APP.LOGIN" : "로그인",
    "APP.LOGIN.DESC" : "지갑에 접속하기 위해 본인의 계정에 로그인 해 주십시오.",
    "APP.SIGNUP" : "등록",
    "APP.SIGNUP.DESC" : "지갑의 모든 기능을 사용 하기 위해 계정을 만들어 주십시오.",
    "APP.SIGNUP.CONFIRM_PASSWORD" : "비밀번호 확인",
    "APP.SIGNUP.CONFIRM_PASSWORD.PLACEHOLDER" : "비밀번호를 확인 해 주세요",
    "APP.SIGNUP.CONFIRM_PASSWORD.MESSAGE" : "비밀번호가 틀렸습니다",
    "APP.PIN.SETUP.TITLE" : "6 자리 숫자 핀 선택",
    "APP.PIN.SETUP.DESC" : "본인의 지갑에 접속하기 위해서 6자리 숫자로 구성된 핀을 선택해 주십시오.  중요사항: 핀을 잘 기억해 두십시오. 핀은 회복이 불가능 합니다.",
    "APP.PIN.VERIFY.TITLE" : "핀을 다시 기입 ",
    "APP.PIN.CONFIRM.TITLE" : "지갑이 안정화 되었습니다",
    "APP.PIN.CONFIRM" : "핀을 기입해 주십시오",
    "WALLETS.TITLE" : "지갑 ",
    "WALLETS.WALLET_NAME" : "지갑 이름",
    "WALLETS.BALANCE" : "잔고",
    "WALLETS.MOSAICS" : "모자이크",
    "WALLETS.TRANSACTIONS" : "거래 내역",
    "WALLETS.ADDRESS" : "주소",
    "WALLETS.PUBLIC_KEY" : "퍼블릭 키",
    "WALLETS.IMPORTANCE_SCORE" : "중요한 점수",
    "WALLETS.VESTED_BALANCE" : "확정된 잔고",
    "WALLETS.MORE_DETAILS" : "자세한 사항",
    "WALLETS.EXPORT" : "출력/백업",
    "WALLETS.EXPORT.PRIVATE_KEY_TITLE" : "지갑 출력과 프라이벳 키",
    "WALLETS.EXPORT.PRIVATE_KEY_DESC" : "지갑과 프라이벳 키 백업을 권장합니다. 안전한 장소에 보관 하십시오. 프록시마엑스는 여러분의 어떠한 정보도 저장하지 않습니다. 사람들의 실수나 시스템 작동 불가시에 여러분들의 지갑 복구나 디지털 자산에 접촉하는데 도움을 드릴수 없습니다.",
    "WALLETS.EXPORT.BACKUP_WALLET" : "지갑 백업",
    "WALLETS.EXPORT.BACKUP_WALLET.QRCODE" : "QR 코드를 통해 출력",
    "WALLETS.EXPORT.BACKUP_WALLET.QRCODE.BACKUP_WALLET" : "지갑을 백업해 주십시오",
    "WALLETS.EXPORT.BACKUP_WALLET.QRCODE.BACKUP_WALLET.CONTENT1" : "QR 코드와 프라이벳 키의 스크린 샷을 찍어 주십시오.",
    "WALLETS.EXPORT.BACKUP_WALLET.QRCODE.BACKUP_WALLET.CONTENT2" : "안전한 장소에 보관해 주십시오.",
    "WALLETS.EXPORT.BACKUP_WALLET.QRCODE.RESTORE_WALLET" : "QR 코드를 통하여 지갑 복구하기",
    "WALLETS.EXPORT.BACKUP_WALLET.QRCODE.RESTORE_WALLET.CONTENT1" : "QR 코드를 사용하여 여러분의 지갑을 복구 할 수 있습니다.",
    "WALLETS.EXPORT.BACKUP_WALLET.QRCODE.RESTORE_WALLET.CONTENT2" : "QR코드는 암호화된 프라이벳 키를 담고 있습니다. 지갑을 완전히 복구하기 위해서 반드시 비밀번호를 기억해 주십시오.",
    "WALLETS.EXPORT.COPY_PRIVATE_KEY" : "프라이벳 키 복사",
    "WALLETS.EXPORT.COPY_PRIVATE_KEY.RESPONSE": "프라이벳 키 복사를 성공적으로 하였습니다",
    "WALLETS.EXPORT.EXPORT_PRIVATE_KEY" : "프라이벳 키 출력",
    "WALLETS.CREATE.TITLE" : "지갑 만들기",
    "WALLETS.CREATE.DESC" : "지갑은 무료이며 원하시는 만큼 만드실 수 있습니다.",
    "WALLETS.CREATE.NEW" : "새로운 지갑 ",
    "WALLETS.CREATE.NEW.TITLE" : "새로운 지갑을 만들어 주세요",
    "WALLETS.CREATE.NEW.DESC" : "새로운 지갑을 만들기 위해서 지갑 이름을 기입해주세요.",
    "WALLETS.CREATE.IMPORT" : "지갑 열기",
    "WALLETS.CREATE.IMPORT.TITLE" : "지갑 열기",
    "WALLETS.CREATE.IMPORT.DESC" : "지갑을 열기 위해서, 지갑의 이름과 프라이벳 키를 아래에 기입해 주십시오.",
    "WALLETS.CREATE.IMPORT.QR_SCAN" : "QR 코드를 대신 스캔 하시겠습니까?",
    "WALLETS.CREATE.IMPORT.PRIVATE_KEY.LABEL" : "프라이벳 키",
    "WALLETS.CREATE.IMPORT.PRIVATE_KEY.PLACEHOLDER" : "프라이벳 키를 기입해주세요",
    "WALLETS.EDIT" : "지갑 편집하기",
    "WALLETS.EDIT.PROMPT" : "{{waletName}} 지갑 업데이트",
    "WALLETS.EDIT.DESC" : "변동 사항을 저장하기 위해서, 아래 정보를 바꾸시고 저장 버튼을 물려주십시오",
    "WALLETS.DELETE" : "지갑   지우기",
    "WALLETS.DELETE.WARNING" : "{{walletName}} 지갑을 지우시겠습니다!",
    "WALLETS.DELETE.DESC" : "이 것을 시행 할 시에 지갑을 여러분의 계정에서 삭제 시키게 될 것이며, 되돌릴 수 없습니다. 지갑 백업을 먼저 하여 언제든지 복구 가능하게 하십시오.",
    "WALLETS.COMMON.CHOOSE_COLOR" : "지갑 색깔을 선택해 주십시오",
    "WALLETS.COMMON.LABEL.WALLET_NAME" : "지갑 이름 ",
    "WALLETS.COMMON.PLACEHOLDER.WALLET_NAME" : "지갑 이름을 기입해주세요",
    "WALLETS.BUTTON.DONE" : "완료",
    "WALLETS.BUTTON.CANCEL" : "취소",
    "WALLETS.BUTTON.CONTINUE" : "계속",
    "WALLETS.BUTTON.CONFIRM" : "확인 ",
    "WALLETS.BUTTON.COPY" : "복사",
    "WALLETS.BUTTON.EXPORT" : "출력",
    "WALLETS.SEND" : "보내기",
    "WALLETS.SEND.AMOUNT" : "금액",
    "WALLETS.SEND.SELECT_MULTISIG_ACCOUNT":"다중 서명 계정을 선택해 주십시오",
    "WALLETS.SEND.ADDRESS" : "주소",
    "WALLETS.SEND.ADDRESS.OPTION.TITLE" : "주소 기입 선택 사항 ",
    "WALLETS.SEND.ADDRESS.OPTION1" : "매뉴얼 기입",
    "WALLETS.SEND.ADDRESS.OPTION2" : "주소록에서 선택",
    "WALLETS.SEND.NOTES" : "노트(선택 사항)",
    "WALLETS.CONFIRM.TITLE" : "거래 확인",
    "WALLETS.SEND.LABEL.NOTES" : "노트",
    "WALLETS.SEND.LABEL.FEE" : "수수료",
    "WALLETS.SEND.LABEL.FROM" : "부터",
    "WALLETS.SEND.LABEL.TO" : "에게",
    "WALLETS.RECEIVE" : "수취",
    "WALLETS.DETAIL.PRICE_CHART" : "가격 차트",
    "WALLETS.DETAIL.INFO" : "정보",
    "WALLETS.DETAIL.STATS" : "통계",
    "WALLETS.DETAIL.MARKET_RANK" : "시장 순위",
    "WALLETS.DETAIL.MARKET_CAP" : "시가 총액",
    "WALLETS.DETAIL.TRADING_VOLUME" : "거래량",
    "WALLETS.DETAIL.24H_HIGH" : "24 시간 높음",
    "WALLETS.DETAIL.24H_LOW" : "24H 낮음",
    "WALLETS.DETAIL.CIRCULATING" : "순환하는",
    "WALLETS.DETAIL.TOTAL_SUPPLY" : "총 공급",
    "WALLETS.DETAIL.HOME_PAGE" : "홈 페이지",
    "WALLETS.DETAIL.ANNOUNCEMENT" : "발표",
    "WALLETS.DETAIL.EXPLORER" : "탐침",
    "WALLETS.DETAIL.GENESIS_DATE" : "창세기 날짜",
    "WALLETS.DETAIL.FACEBOOK" : "페이스 북",
    "WALLETS.DETAIL.TWITTER" : "지저귀다",
    "NOTIFICATIONS" : "통지서 ",
    "SERVICES" : "서비스",
    "SERVICES.ADDRESS_BOOK.TITLE" : "주소록",
    "SERVICES.ADDRESS_BOOK.DESC" : "주소를 잘 보관하여 용이하게 접속하게 하십시오.",
    "SERVICES.ADDRESS_BOOK.ADD_CONTACT":"새로운 주소 추가하기",
    "SERVICES.ADDRESS_BOOK.FIELDS.NAME":"성명",
    "SERVICES.ADDRESS_BOOK.FIELDS.WALLET_ADDRESS":"지갑 주소",
    "SERVICES.ADDRESS_BOOK.FIELDS.TELEGRAM":"텔레그램",
    "SERVICES.ADDRESS_BOOK.FIELDS.TELEGRAM_OPTIONAL":"텔레그램 사용자명 (옵션사항)",
    "SERVICES.ADDRESS_BOOK.ADD.SUBTITLE":"새로운 연락처를 만들기 위해서 다음의 폼을 작성해 주십시오.",
    "SERVICES.ADDRESS_BOOK.DETAIL.TITLE":"연락처 상세사항",
    "SERVICES.ADDRESS_BOOK.UPDATE.TITLE":"연락처 업데이트",
    "SERVICES.ADDRESS_BOOK.UPDATE.SUBTITLE":"연락처를 업데이트 하기 위해서 다음의 폼을 작성해 주십시오.",
    "SERVICES.ADDRESS_BOOK.DELETE.CONFIRM":"지우기 {{contactName}}?",
    "SERVICES.ADDRESS_BOOK.DELETE.WARNING":"계속 진행하시면 해당 연락처를 주소록에서 삭제하게되며 되돌릴 수 없습니다.",
    "SERVICES.ADDRESS_BOOK.CONFIRM_REMOVE":"{{contact.name}} 을 삭제 하시겠습니까??",
    "SERVICES.MULTISIGN_SUPPORT.TITLE" : "다중 서명 서포트 ",
    "SERVICES.MULTISIGN_SUPPORT.DESC" : "어플에서 다중 서명이 현재 어떻게 지원되는가?",
    "SERVICES.MULTISIGN_SUPPORT.TITLE1" : "지금 현재 다음 사항들이 어플에서 지원되고 있습니다",
    "SERVICES.MULTISIGN_SUPPORT.CONTENT1" : "다중 서명 거래 하기",
    "SERVICES.MULTISIGN_SUPPORT.CONTENT2" : "다중 서명 거래 싸인하기 ",
    "SERVICES.MULTISIGN_SUPPORT.CONTENT3" : "다중 서명 거래 기록 보기 ",
    "SERVICES.MULTISIGN_SUPPORT.TITLE2" : "다음 사항들은 앞으로 나올 어플에서 지원할 것입니다",
    "SERVICES.MULTISIGN_SUPPORT.CONTENT4" : "다중 서명 계좌 열기",
    "SERVICES.MULTISIGN_SUPPORT.CONTENT5" : "다중 서명 계좌 편집",
    "SERVICES.MULTISIGN_SUPPORT.CONTENT6" : "다중 서명 계좌 열기와 편집과 연관된 거래 보기",
    "SETTINGS" : "세팅",
    "SETTINGS.WALLET_GUIDE" : "지갑 가이드",
    "SETTINGS.WALLET_GUIDE.DESC" : "여러분의 지갑을 안전하게 할 필수 스텝",
    "SETTINGS.WALLET_GUIDE.PAGE1.TITLE" : "ProximaX 지갑은 무엇인가?",
    "SETTINGS.WALLET_GUIDE.PAGE1.CONTENT1" : "ProximaX 지갑 어플은 무료이며, 사용좌측에서 키와 잔고를 완전히 제거하면서 블록체인에 직접적인 상호작용을 가능하게 한다.",
    "SETTINGS.WALLET_GUIDE.PAGE1.CONTENT2" : "ProximaX는 여러분의 디지털 자산을 안전하게 보관하도록 합니다. 지갑의 모든 업데이트는 여러분이 지갑에 보유하고 있는 모든 것이 안전하도록 정교하게 테스트 됩니다. 그렇지만 큰 부분은 여러분들에게 달려있습니다.",
    "SETTINGS.WALLET_GUIDE.PAGE2.TITLE" : "프라이벳 키와 비밀번호를 안전하게 보관하기",
    "SETTINGS.WALLET_GUIDE.PAGE2.CONTENT1" : "프라이벳 키가  만들어졌을때 이는 여러분만이 알고있습니다. 저희는 프라이벳 키에 접속할 수 없습니다. 저희는 여러분의 계좌에 접속, 키 복구,비밀번호 재설정 혹은 거래를 되돌릴 수 없습니다.",
    "SETTINGS.WALLET_GUIDE.PAGE2.CONTENT2" : "권장 사항",
    "SETTINGS.WALLET_GUIDE.PAGE2.CONTENT3":"프라이벳 키와 비밀번호를 기록하신후 안전한 곳에 보관해 주세요.",
    "SETTINGS.WALLET_GUIDE.PAGE2.CONTENT4":"특히 타인들이 접속하는 컴퓨터나 전화기에 키나 비밀번호를 저장하지 마십시오.",
    "SETTINGS.WALLET_GUIDE.PAGE3.TITLE" : "디지털 토큰은 어디에 저장되어 있는가?",
    "SETTINGS.WALLET_GUIDE.PAGE3.CONTENT1" : "대중이 생각하는 것과는 달리 디지털 자산은 절대로 지갑에 보관되는 것이 아닙니다. 모든 디지털 자산은 블록체인 자체에 존재하며 ProximaX는 여러분의 디지털 자산을 통제하지 않습니다.",
    "SETTINGS.WALLET_GUIDE.PAGE3.CONTENT2" : "중요 사항!",
    "SETTINGS.WALLET_GUIDE.PAGE3.CONTENT3" : "타인에게 프라이벳 키를 절대로 노출 시키지 마십시오.",
    "SETTINGS.WALLET_GUIDE.PAGE3.CONTENT4" : "저희는 어떠한 경우에도 여러분의 프라이벳 키를 요구하지 않습니다.",
    "SETTINGS.WALLET_GUIDE.PAGE3.CONTENT5" : "저희는 XPX를 무료로 제공하지 않습니다.",
    "SETTINGS.WALLET_GUIDE.PAGE3.CONTENT6" : "저희는 어떠한 경우에도 여러분께 XPX를 보내라고 하지 않을 것입니다.",
    "SETTINGS.WALLET_GUIDE.PAGE4.TITLE" : "왜 암호화폐와 블록체인을 사용하는가?",
    "SETTINGS.WALLET_GUIDE.PAGE4.CONTENT1" : " 암호화폐의 목적은 여러분이 언제 어디서나 제 삼자에게 의존하지 않고익명으로 안전하게 여러분의 디지털 토큰을 완전히 통제할 수 있게 하는 것입니다.",
    "SETTINGS.WALLET_GUIDE.PAGE4.CONTENT2" : "필요한 정보는 퍼블릭 주소와 프라이빗 키 뿐입니다.",
    "SETTINGS.WALLET_GUIDE.PAGE5.TITLE" : "당신의 디지털 자산을 완전히 제어 할 수 있게 된것을 축하드립니다.",
    "SETTINGS.WALLET_GUIDE.PAGE5.CONTENT1" : "아저희 가이드를 읽어주셔서 감사합니다. 준비가 되셨습니다. 더 질문이 있으시면 텔레그램을 통해서 연락해 주십시오.",
    "SETTINGS.WHATS_NEW" : "새로운 사항 ",
    "SETTINGS.NODES" : "노드 ",
    "SETTINGS.NODES.DESC":"노드는 널리 퍼져있는 네트워크를 통해 분배되어있으며 블록체인 기록과 거래를 처리를 하는 것과 같은 여러가지 일을 수행한다.",
    "SETTINGS.NODES.BLOCKHEIGHT" : "블록 높이",
    "SETTINGS.NODES.ACTIVE" : "유효한 ",
    "SETTINGS.NODES.SELECT" : "노드 설정 ",
    "SETTINGS.NODES.CUSTOM" : "커스텀",
    "SETTINGS.NODES.CUSTOM_IP" : "사용자 정의 노드 또는 IP",
    "SETTINGS.NODES.SWITCH" : "{{host}}에 성공적으로 연결되었습니다.",
    "SETTINGS.RESET_PIN" : "핀 재설정 ",
    "SETTINGS.CHANGELOG": "변경 로그",
    "SETTINGS.LANGUAGE": "언어",
    "SETTINGS.LANGUAGE.DESC":"언제든지 원하는 언어로 표시 언어를 변경할 수 있습니다.",
    "SETTINGS.LANGUAGE.SWITCH": "앱의 언어가 {{lang}} (으)로 변경됩니다.",
    "SETTINGS.LOGOUT" : "로그 아웃"
}