{
    "APP.ERROR":"Er is iets fout gegaan. Probeer het opnieuw",
    "APP.INVALID.USERNAME_OR_PASSWORD": "Uw gebruikersnaam of wachtwoord is onjuist.",
    "APP.BUTTON.TRY_AGAIN": "Probeer het opnieuw",
    "APP.COMMON.USERNAME" : "Gebruikersnaam",
    "APP.COMMON.USERNAME.PLACEHOLDER" : "Voer je gebruikersnaam in",
    "APP.COMMON.PASSWROD" : "Wachtwoord",
    "APP.COMMON.PASSWROD.PLACEHOLDER" : "Voer je wachtwoord in",
    "APP.EMPTY.MOSAICS":"Je mozaïeken worden hier weergegeven. Op dit moment zijn er geen.",
    "APP.EMPTY.TRANSACTIONS":"Je transacties worden hier weergegeven. Op dit moment zijn er geen.",
    "APP.EMPTY.CONTACT":"Je contacten worden hier weergegeven. Op dit moment zijn er geen.",
    "APP.LOGIN" : "Inloggen",
    "APP.LOGIN.DESC" : "Log in om toegang tot je portemonnee te krijgen.",
    "APP.SIGNUP" : "Aanmelden",
    "APP.SIGNUP.DESC" : "Creëer een account om toegang tot alle functies te krijgen.",
    "APP.SIGNUP.CONFIRM_PASSWORD" : "Bevestig wachtwoord",
    "APP.SIGNUP.CONFIRM_PASSWORD.PLACEHOLDER" : "Bevestig je wachtwoord",
    "APP.SIGNUP.CONFIRM_PASSWORD.MESSAGE" : "Wachtwoord komt niet overeen",
    "APP.PIN.SETUP.TITLE" : "6-Cijferige pincode",
    "APP.PIN.SETUP.DESC" : "Maak een 6-cijferige pincode voor de toegang tot je portemonnee. BELANGRIJK: Vergeet deze pincode niet, omdat we deze niet voor je kunnen herstellen.",
    "APP.PIN.VERIFY.TITLE" : "Normaals pincode",
    "APP.PIN.CONFIRM.TITLE" : "Portemonnee is beveiligd",
    "APP.PIN.CONFIRM" : "Voer uw pincode in",
    "WALLETS.TITLE" : "Portemonnees",
    "WALLETS.WALLET_NAME" : "Portemonnee-naam",
    "WALLETS.BALANCE" : "Saldo",
    "WALLETS.MOSAICS" : "Mozaïeken",
    "WALLETS.TRANSACTIONS" : "Transacties",
    "WALLETS.ADDRESS" : "Adres",
    "WALLETS.PUBLIC_KEY" : "Openbare sleutel",
    "WALLETS.IMPORTANCE_SCORE" : "Belangrijkheid",
    "WALLETS.VESTED_BALANCE" : "Toegekende balans",
    "WALLETS.MORE_DETAILS" : "Meer details",
    "WALLETS.EXPORT" : "Exporteer/back-up",
    "WALLETS.EXPORT.PRIVATE_KEY_TITLE" : "Exporteer portemonnee & Persoonlijke sleutel",
    "WALLETS.EXPORT.PRIVATE_KEY_DESC" : "We raden je ten zeerste aan een back-up te maken van uw portemonnee en persoonlijke sleutel. Het is jouw verantwoordelijkheid om deze op een veilige plaats te bewaren. ProximaX slaat je gegevens niet op, dus we kunnen u niet helpen je portemonnee te herstellen of toegang te krijgen tot je portemonnee in het geval van een menselijke fout of een systeemstoring.",
    "WALLETS.EXPORT.BACKUP_WALLET" : "Back-up portemonnee",
    "WALLETS.EXPORT.BACKUP_WALLET.QRCODE" : "Exporteer via QR-code",
    "WALLETS.EXPORT.BACKUP_WALLET.QRCODE.BACKUP_WALLET" : "Back-up je portemonnee",
    "WALLETS.EXPORT.BACKUP_WALLET.QRCODE.BACKUP_WALLET.CONTENT1" : "Maak een screenshot van je QR-code en persoonlijke sleutel.",
    "WALLETS.EXPORT.BACKUP_WALLET.QRCODE.BACKUP_WALLET.CONTENT2" : "Bewaar het op een veilige plaats.",
    "WALLETS.EXPORT.BACKUP_WALLET.QRCODE.RESTORE_WALLET" : "Je portemonnee herstellen via QR-code",
    "WALLETS.EXPORT.BACKUP_WALLET.QRCODE.RESTORE_WALLET.CONTENT1" : "Je kunt de QR-code later gebruiken om je portemonnee te herstellen.",
    "WALLETS.EXPORT.BACKUP_WALLET.QRCODE.RESTORE_WALLET.CONTENT2" : "De QR-code bevat je gecodeerde persoonlijke sleutel. Zorg ervoor dat je het wachtwoord van je account onthoudt om je portemonnee volledig te herstellen.",
    "WALLETS.EXPORT.COPY_PRIVATE_KEY" : "Kopieër persoonlijke sleutel",
    "WALLETS.EXPORT.COPY_PRIVATE_KEY.RESPONSE": "Persoonlijke sleutel succesvol gekopieerd",
    "WALLETS.EXPORT.EXPORT_PRIVATE_KEY" : "Exporteer persoonlijke sleutel",
    "WALLETS.CREATE.TITLE" : "Creëer een portemonnee",
    "WALLETS.CREATE.DESC" : "Het is gratis en je kunt er zoveel maken als je wilt.",
    "WALLETS.CREATE.NEW" : "Nieuwe portemonnee",
    "WALLETS.CREATE.NEW.TITLE" : "Creëer een nieuwe portemonnee",
    "WALLETS.CREATE.NEW.DESC" : "Als je een nieuwe portemonnee wilt maken, voer dan de naam van de portemonnee in.",
    "WALLETS.CREATE.IMPORT" : "Importeer portemonnee",
    "WALLETS.CREATE.IMPORT.TITLE" : "Importeer portemonnee",
    "WALLETS.CREATE.IMPORT.DESC" : "Voer de naam van je portemonnee in en plak hieronder je persoonlijke sleutel om je portemonnee te importeren.",
    "WALLETS.CREATE.IMPORT.QR_SCAN" : "of scan in plaats daarvan je de QR-code?",
    "WALLETS.CREATE.IMPORT.PRIVATE_KEY.LABEL" : "Persoonlijke sleutel",
    "WALLETS.CREATE.IMPORT.PRIVATE_KEY.PLACEHOLDER" : "Voer je persoonlijke sleutel in",
    "WALLETS.EDIT" : "Bewerk portemonnee",
    "WALLETS.EDIT.PROMPT" : "Bewerk {{walletName}} portemonnee.",
    "WALLETS.EDIT.DESC" : "Om je wijzigingen op te slaan, werk de onderstaande informatie bij en druk op Opslaan.",
    "WALLETS.DELETE" : "Verwijder portemonnee",
    "WALLETS.DELETE.WARNING" : "Je staat op het punt portemonnee {{walletName}} te verwijderen!",
    "WALLETS.DELETE.DESC" : "Als je deze actie voortzet, wordt de portefeuille uit je account verwijderd en kan deze niet ongedaan worden gemaakt. Zorg ervoor dat je eerst een back-up van je portemonnee maakt, zodat je deze op elk gewenst moment kunt herstellen.",
    "WALLETS.COMMON.CHOOSE_COLOR" : "Kies de kleur van de portemonnee",
    "WALLETS.COMMON.LABEL.WALLET_NAME" : "Portemonnee-naam",
    "WALLETS.COMMON.PLACEHOLDER.WALLET_NAME" : "Voer de naam van je portemonnee in",
    "WALLETS.BUTTON.EDIT" : "Bewerk",
    "WALLETS.BUTTON.DELETE" : "Verwijder",
    "WALLETS.BUTTON.DONE" : "Klaar",
    "WALLETS.BUTTON.CANCEL" : "Annuleren",
    "WALLETS.BUTTON.CONTINUE" : "Doorgaan",
    "WALLETS.BUTTON.CONFIRM" : "Bevestigen",
    "WALLETS.BUTTON.COPY" : "Kopieër",
    "WALLETS.BUTTON.EXPORT" : "Exporteer",
    "WALLETS.SEND" : "Verzend",
    "WALLETS.SEND.PROMPT" : "Selecteer het transactietype",
    "WALLETS.SEND.NORMAL" : "Normale transactie",
    "WALLETS.SEND.MULTISIG" : "Multisignatuurtransactie",
    "WALLETS.SEND.AMOUNT" : "Hoeveelheid",
    "WALLETS.SEND.SELECT_MULTISIG_ACCOUNT": "Selecteer multi-handtekening account",
    "WALLETS.SEND.ADDRESS" : "Adres",
    "WALLETS.SEND.ADDRESS.OPTION.TITLE" : "Adres invoeropties",
    "WALLETS.SEND.ADDRESS.OPTION1" : "Handmatig invoeren",
    "WALLETS.SEND.ADDRESS.OPTION2" : "Selecteer vanuit adressenboek",
    "WALLETS.SEND.NOTES" : "Notities (Optioneel)",
    "WALLETS.CONFIRM.TITLE" : "Bevestig transactie",
    "WALLETS.SEND.LABEL.NOTES" : "Notities",
    "WALLETS.SEND.LABEL.FEE" : "Transactiekosten",
    "WALLETS.SEND.LABEL.FROM" : "VAN",
    "WALLETS.SEND.LABEL.TO" : "AAN",
    "WALLETS.RECEIVE" : "Ontvang",
    "WALLETS.DETAIL.PRICE_CHART" : "Prijskaart",
    "WALLETS.DETAIL.INFO" : "info",
    "WALLETS.DETAIL.STATS" : "Stats",
    "WALLETS.DETAIL.MARKET_RANK" : "Marktpositie",
    "WALLETS.DETAIL.MARKET_CAP" : "Marktkapitalisatie",
    "WALLETS.DETAIL.TRADING_VOLUME" : "Handelsvolume",
    "WALLETS.DETAIL.24H_HIGH" : "24H Hoog",
    "WALLETS.DETAIL.24H_LOW" : "24H Laag",
    "WALLETS.DETAIL.CIRCULATING" : "circulerende",
    "WALLETS.DETAIL.TOTAL_SUPPLY" : "Totale levering",
    "WALLETS.DETAIL.HOME_PAGE" : "Startpagina",
    "WALLETS.DETAIL.ANNOUNCEMENT" : "Aankondiging",
    "WALLETS.DETAIL.EXPLORER" : "Ontdekkingsreiziger",
    "WALLETS.DETAIL.GENESIS_DATE" : "Genesis Date",
    "WALLETS.DETAIL.FACEBOOK" : "Facebook",
    "WALLETS.DETAIL.TWITTER" : "tjilpen",
    "NOTIFICATIONS" : "Notificaties",
    "SERVICES" : "Diensten",
    "SERVICES.ADDRESS_BOOK.TITLE" : "Adressenboek",
    "SERVICES.ADDRESS_BOOK.DESC" : "Biedt eenvoudige toegang tot je contacten door hun accountgegevens te bewaren.",
    "SERVICES.ADDRESS_BOOK.ADD_CONTACT": "Voeg contact toe",
    "SERVICES.ADDRESS_BOOK.FIELDS.NAME":"Naam",
    "SERVICES.ADDRESS_BOOK.FIELDS.WALLET_ADDRESS":"Wallet-adres",
    "SERVICES.ADDRESS_BOOK.FIELDS.TELEGRAM":"Telegram",
    "SERVICES.ADDRESS_BOOK.FIELDS.TELEGRAM_OPTIONAL":"Telegram username (Optional)",
    "SERVICES.ADDRESS_BOOK.ADD.SUBTITLE":"Telegram-gebruikersnaam (optioneel)",
    "SERVICES.ADDRESS_BOOK.DETAIL.TITLE":"Contact detail",
    "SERVICES.ADDRESS_BOOK.UPDATE.TITLE":"Contact bijwerken",
    "SERVICES.ADDRESS_BOOK.UPDATE.SUBTITLE":"Als u een contact wilt bijwerken, wijzigt u het onderstaande formulier.",
    "SERVICES.ADDRESS_BOOK.DELETE.CONFIRM":"Verwijder {{contactName}}?",
    "SERVICES.ADDRESS_BOOK.DELETE.WARNING":"Als u deze actie voortzet, wordt deze contactpersoon uit uw adresboek verwijderd en kan deze niet ongedaan worden gemaakt.",
    "SERVICES.ADDRESS_BOOK.CONFIRM_REMOVE":"Weet je zeker dat je wilt verwijderen {{contact.name}}?",
    "SERVICES.MULTISIGN_SUPPORT.TITLE" : "Multi-handtekening ondersteuning",
    "SERVICES.MULTISIGN_SUPPORT.DESC" : "Informatie over hoe multi-handtekening momenteel door de app wordt ondersteund",
    "SERVICES.MULTISIGN_SUPPORT.TITLE1" : "Op dit moment wordt het volgende ondersteund door de app:",
    "SERVICES.MULTISIGN_SUPPORT.CONTENT1" : "Verzenden van multi-handtekening transacties",
    "SERVICES.MULTISIGN_SUPPORT.CONTENT2" : "Ondertekenen van multi-handtekening transacties",
    "SERVICES.MULTISIGN_SUPPORT.CONTENT3" : "De geschiedenis van multi-handtekening transacties bekijken",
    "SERVICES.MULTISIGN_SUPPORT.TITLE2" : "Het volgende wordt ondersteund in een toekomstige versie van de app:",
    "SERVICES.MULTISIGN_SUPPORT.CONTENT4" : "Creëeren van multi-handtekening accounts",
    "SERVICES.MULTISIGN_SUPPORT.CONTENT5" : "Bewerken van multi-handtekening accounts",
    "SERVICES.MULTISIGN_SUPPORT.CONTENT6" : "Bekijken van transacties met betrekking tot het maken en wijzigen van multi-handtekening accounts",
    "SETTINGS" : "Instellingen",
    "SETTINGS.WALLET_GUIDE" : "Portemonnee-gids",
    "SETTINGS.WALLET_GUIDE.DESC" : "Wat je moet weten om de juiste stappen te nemen om je portemonnee te beveiligen.",
    "SETTINGS.WALLET_GUIDE.PAGE1.TITLE" : "Wat is ProximaX Wallet?",
    "SETTINGS.WALLET_GUIDE.PAGE1.CONTENT1" : "De ProximaX Wallet app is een gratis interface aan de cliëntzijde waarmee je direct kunt communiceren met de blockchain, terwijl je de volledige controle over je sleutels en kapitaal behoudt.",
    "SETTINGS.WALLET_GUIDE.PAGE1.CONTENT2" : "Bij ProximaX willen we u helpen je digitale eigendommen veilig te stellen. Al onze portemonnee-updates ondergaan rigoureuze tests om ervoor te zorgen dat alles wat je in je portemonnee bewaart veilig is. Een groot deel van het veilig houden van je portemonnee en de inhoud ervan hangt echter van JOU af.",
    "SETTINGS.WALLET_GUIDE.PAGE2.TITLE" : "Je persoonlijke sleutel en wachtwoord beveiligen",
    "SETTINGS.WALLET_GUIDE.PAGE2.CONTENT1" : "Wanneer je persoonlijke sleutel wordt gegenereerd, is deze alleen bij jou bekend. We hebben er absoluut geen toegang toe. We hebben geen toegang tot accounts, kunnen geen sleutels herstellen, wachtwoorden opnieuw instellen of transacties voor u terugdraaien.",
    "SETTINGS.WALLET_GUIDE.PAGE2.CONTENT2" : "We raden je ten zeerste aan om:",
    "SETTINGS.WALLET_GUIDE.PAGE2.CONTENT3": "Je persoonlijke sleutel en wachtwoord te noteren en op een veilige plaats te bewaren.",
    "SETTINGS.WALLET_GUIDE.PAGE2.CONTENT4": "Bewaar je sleutels en wachtwoord niet op je computer of telefoon, vooral als ze toegankelijk zijn voor andere.",
    "SETTINGS.WALLET_GUIDE.PAGE3.TITLE" : "Waar worden mijn digitale eigendommen opgeslagen?",
    "SETTINGS.WALLET_GUIDE.PAGE3.CONTENT1" : "In tegenstelling tot wat vaak wordt gedacht, worden uw digitale eigendommen nooit opgeslagen in een crypto-portemonnee. Alle digitale eigendommen bevinden zich op de blockchain zelf en ProximaX heeft geen enkele controle over je digitale eigendommen.",
    "SETTINGS.WALLET_GUIDE.PAGE3.CONTENT2" : "BELANGRIJK!",
    "SETTINGS.WALLET_GUIDE.PAGE3.CONTENT3" : "Laat nooit je persoonlijke sleutels aan iemand zien.",
    "SETTINGS.WALLET_GUIDE.PAGE3.CONTENT4" : "We zullen je nooit om persoonlijke sleutels vragen (en niemand zou dat  mogen doen).",
    "SETTINGS.WALLET_GUIDE.PAGE3.CONTENT5" : "We geven geen gratis XPX weg.",
    "SETTINGS.WALLET_GUIDE.PAGE3.CONTENT6" : "We zullen je nooit vragen om ons XPX te sturen.",
    "SETTINGS.WALLET_GUIDE.PAGE4.TITLE" : "Waarom crypto-currency en blockchain gebruiken?",
    "SETTINGS.WALLET_GUIDE.PAGE4.CONTENT1" : "Het doel van crypto-currency is om je in staat te stellen de volledige controle te nemen en je digitale eigendommen op een anonieme en veilige manier te beheren, vanaf elke locatie zonder afhankelijk te zijn van derden.",
    "SETTINGS.WALLET_GUIDE.PAGE4.CONTENT2" : "De enige informatie die je hiervoor nodig hebt, is je openbare adres en persoonlijke sleutels.",
    "SETTINGS.WALLET_GUIDE.PAGE5.TITLE" : "Gefeliciteerd met de volledige controle over je digitale eigendommen!",
    "SETTINGS.WALLET_GUIDE.PAGE5.CONTENT1" : "Bedankt voor het lezen van onze gids. Je bent nu klaar om het te gebruiken! Wil je meer weten, neem dan via Telegram contact met ons op:",
    "SETTINGS.WHATS_NEW" : "Wat is nieuw",
    "SETTINGS.NODES" : "knooppunten",
    "SETTINGS.NODES.DESC":"Knopen worden verspreid over een wijdverbreid netwerk en voeren een verscheidenheid aan taken uit, zoals het onderhouden van de kopie van een blockchain-records en het verwerken van transacties.",
    "SETTINGS.NODES.BLOCKHEIGHT" : "Blokhoogte",
    "SETTINGS.NODES.ACTIVE" : "Actief",
    "SETTINGS.NODES.SELECT" : "Selecteer een node",
    "SETTINGS.NODES.CUSTOM" : "Aangepast",
    "SETTINGS.NODES.CUSTOM_IP" : "Aangepast knooppunt of IP",
    "SETTINGS.NODES.SWITCH" : "U bent succesvol verbonden met {{host}}",
    "SETTINGS.RESET_PIN" : "Pincode opnieuw instellen",
    "SETTINGS.CHANGELOG": "changelog",
    "SETTINGS.LANGUAGE": "Taal",
    "SETTINGS.LANGUAGE.DESC":"U kunt op elk gewenst moment de weergavetaal wijzigen in de taal van uw voorkeur.",
    "SETTINGS.LANGUAGE.SWITCH": "De taal van de app schakelt over naar {{lang}}.",
    "SETTINGS.LOGOUT" : "Afmelden"
}