{
    "APP.ERROR":"Что-то пошло не так. Пожалуйста, попробуйте еще раз",
    "APP.INVALID.USERNAME_OR_PASSWORD": "Неверное имя пользователя или пароль.",
    "APP.BUTTON.TRY_AGAIN": "Попробуйте снова",
    "APP.COMMON.USERNAME" : "Имя пользователя",
    "APP.COMMON.USERNAME.PLACEHOLDER" : "Введите имя пользователя",
    "APP.COMMON.PASSWROD" : "Пароль",
    "APP.COMMON.PASSWROD.PLACEHOLDER" : "Введите ваш пароль",
    "APP.EMPTY.MOSAICS":"Ваши мозаики появятся здесь. Здесь нет ни одной в данный момент.",
    "APP.EMPTY.TRANSACTIONS":"Ваши транзакции появятся здесь. Здесь нет ни одной в данный момент.",
    "APP.EMPTY.CONTACT":"Ваши контакты появятся  здесь. Здесь нет ни одного в данный момент.",
    "APP.LOGIN" : "Логин",
    "APP.LOGIN.DESC" : "Войдите в свой аккаунт, чтобы получить доступ к вашему кошельку.",
    "APP.SIGNUP" : "Зарегистрироваться",
    "APP.SIGNUP.DESC" : "Создать учетную запись для доступа к полному функционалу кошелька.",
    "APP.SIGNUP.CONFIRM_PASSWORD" : "Подтвердите Пароль",
    "APP.SIGNUP.CONFIRM_PASSWORD.PLACEHOLDER" : "Подтвердите ваш пароль",
    "APP.SIGNUP.CONFIRM_PASSWORD.MESSAGE" : "Пароли не совпадают",
    "APP.PIN.SETUP.TITLE" : "Установка 6 значного пин кода",
    "APP.PIN.SETUP.DESC" : "Пожалуйста, выберите 6-значный пин-код для доступа к вашему кошельку. ВАЖНО: не забудьте этот пин-код, потому что мы сможем восстановить его для вас.",
    "APP.PIN.VERIFY.TITLE" : "Введите PIN-код еще раз",
    "APP.PIN.CONFIRM.TITLE" : "Кошелек защищен",
    "APP.PIN.CONFIRM" : "Пожалуйста введите ваш PIN-код",
    "WALLETS.TITLE" : "Кошельки",
    "WALLETS.WALLET_NAME" : "Имя кошелька",
    "WALLETS.BALANCE" : "Баланс",
    "WALLETS.MOSAICS" : "Мозаики",
    "WALLETS.TRANSACTIONS" : "Транзакции",
    "WALLETS.ADDRESS" : "Адрес",
    "WALLETS.PUBLIC_KEY" : "Публичный ключ",
    "WALLETS.IMPORTANCE_SCORE" : "Оценка важности",
    "WALLETS.VESTED_BALANCE" : "Надежный баланс",
    "WALLETS.MORE_DETAILS" : "Подробнее",
    "WALLETS.EXPORT" : "Экспорт / резервное копирование",
    "WALLETS.EXPORT.PRIVATE_KEY_TITLE" : "Экспорт кошелька и приватного ключа",
    "WALLETS.EXPORT.PRIVATE_KEY_DESC" : "Мы настоятельно рекомендуем вам сделать  резервную копию вашего кошелька и секретного ключа. Это Вы несете ответственность за их сохранение в безопасное место. ProximaX не хранит любые ваши данные, поэтому мы не можем помочь вам восстановить ваш кошелек или получить доступ к вашим цифровым активам в случае человеческой ошибки или отказа системы.",
    "WALLETS.EXPORT.BACKUP_WALLET" : "Резервное копирование кошелька",
    "WALLETS.EXPORT.BACKUP_WALLET.QRCODE" : "Экспорт через QR-код",
    "WALLETS.EXPORT.BACKUP_WALLET.QRCODE.BACKUP_WALLET" : "Сделайте резервную копию вашего кошелька",
    "WALLETS.EXPORT.BACKUP_WALLET.QRCODE.BACKUP_WALLET.CONTENT1" : "Сделайте скриншот вашего QR-кода и приватного ключа.",
    "WALLETS.EXPORT.BACKUP_WALLET.QRCODE.BACKUP_WALLET.CONTENT2" : "Убедитесь, что вы храните его в безопасном месте.",
    "WALLETS.EXPORT.BACKUP_WALLET.QRCODE.RESTORE_WALLET" : "Восстановление вашего кошелька с помощью QR-кода",
    "WALLETS.EXPORT.BACKUP_WALLET.QRCODE.RESTORE_WALLET.CONTENT1" : "Вы можете использовать QR-код позже, чтобы восстановить свой кошелек.",
    "WALLETS.EXPORT.BACKUP_WALLET.QRCODE.RESTORE_WALLET.CONTENT2" : "QR-код содержит ваш зашифрованный приватный ключ. Убедитесь, что вы помните пароль вашей учетной записи, чтобы полностью восстановить свой кошелек.",
    "WALLETS.EXPORT.COPY_PRIVATE_KEY" : "Копировать Приватный Ключ",
    "WALLETS.EXPORT.COPY_PRIVATE_KEY.RESPONSE": "Приватный ключ успешно скопирован",
    "WALLETS.EXPORT.EXPORT_PRIVATE_KEY" : "Экспорт Приватного Ключа",
    "WALLETS.CREATE.TITLE" : "Создать кошелек",
    "WALLETS.CREATE.DESC" : "Это бесплатно, и вы можете создавать столько, сколько хотите.",
    "WALLETS.CREATE.NEW" : "Новый кошелек",
    "WALLETS.CREATE.NEW.TITLE" : "Создать новый кошелек",
    "WALLETS.CREATE.NEW.DESC" : "Чтобы создать новый кошелек, введите имя вашего кошелька.",
    "WALLETS.CREATE.IMPORT" : "Импорт кошелька",
    "WALLETS.CREATE.IMPORT.TITLE" : "Импорт кошелька",
    "WALLETS.CREATE.IMPORT.DESC" : "Чтобы импортировать ваш кошелек, введите имя вашего кошелька и вставьте свой приватный ключ ниже.",
    "WALLETS.CREATE.IMPORT.QR_SCAN" : "или вместо этого отсканировать QR-код?",
    "WALLETS.CREATE.IMPORT.PRIVATE_KEY.LABEL" : "Приватный ключ",
    "WALLETS.CREATE.IMPORT.PRIVATE_KEY.PLACEHOLDER" : "Введите ваш приватный ключ",
    "WALLETS.EDIT" : "Редактировать кошелек",
    "WALLETS.EDIT.PROMPT" : "Обновить {{walletName}} кошелек.",
    "WALLETS.EDIT.DESC" : "Чтобы сохранить изменения, обновите информацию ниже и нажмите Сохранить.",
    "WALLETS.DELETE" : "Удалить  Кошелек",
    "WALLETS.DELETE.WARNING" : "Вы собираетесь удалить {{xxxx}} кошелек!",
    "WALLETS.DELETE.DESC" : "Продолжение этого действия приведет к удалению  кошелька с вашего аккаунта и это не может быть отменено. Пожалуйста, убедитесь, что вы сделали резервную копию своего кошелька в первую очередь, чтобы вы могли восстановить его в любое время.",
    "WALLETS.COMMON.CHOOSE_COLOR" : "Выберите цвет кошелька",
    "WALLETS.COMMON.LABEL.WALLET_NAME" : "Имя  кошелька",
    "WALLETS.COMMON.PLACEHOLDER.WALLET_NAME" : "Введите имя своего кошелька",
    "WALLETS.BUTTON.EDIT" : "редактировать",
    "WALLETS.BUTTON.DELETE" : "удалять",
    "WALLETS.BUTTON.DONE" : "Готово",
    "WALLETS.BUTTON.CANCEL" : "Отменить",
    "WALLETS.BUTTON.CONTINUE" : "Продолжить",
    "WALLETS.BUTTON.CONFIRM" : "Подтвердить",
    "WALLETS.BUTTON.COPY" : "Скопировать",
    "WALLETS.BUTTON.EXPORT" : "Экспорт",
    "WALLETS.SEND" : "Отправить",
    "WALLETS.SEND.PROMPT" : "Выберите тип транзакции",
    "WALLETS.SEND.NORMAL" : "Нормальная сделка",
    "WALLETS.SEND.MULTISIG" : "Многопользовательская транзакция",
    "WALLETS.SEND.AMOUNT" : "Количество",
    "WALLETS.SEND.SELECT_MULTISIG_ACCOUNT":"Выберите мультиподписной аккаунт",
    "WALLETS.SEND.ADDRESS" : "Адрес",
    "WALLETS.SEND.ADDRESS.OPTION.TITLE" : "Параметры ввода адреса",
    "WALLETS.SEND.ADDRESS.OPTION1" : "Ввести  вручную",
    "WALLETS.SEND.ADDRESS.OPTION2" : "Выбрать из адресной книги",
    "WALLETS.SEND.NOTES" : "Примечания (необязательно)",
    "WALLETS.CONFIRM.TITLE" : "Подтвердить транзакцию",
    "WALLETS.SEND.LABEL.NOTES" : "Примечания",
    "WALLETS.SEND.LABEL.FEE" : "Комиссия (Сбор)",
    "WALLETS.SEND.LABEL.FROM" : "От",
    "WALLETS.SEND.LABEL.TO" : "К",
    "WALLETS.RECEIVE" : "Получить",
    "WALLETS.DETAIL.PRICE_CHART" : "Ценовая диаграмма",
    "WALLETS.DETAIL.INFO" : "Информация",
    "WALLETS.DETAIL.STATS" : "Статистика",
    "WALLETS.DETAIL.MARKET_RANK" : "Маркет Ранk",
    "WALLETS.DETAIL.MARKET_CAP" : "Рыночная капитализация",
    "WALLETS.DETAIL.TRADING_VOLUME" : "Объем торгов",
    "WALLETS.DETAIL.24H_HIGH" : "24 часа",
    "WALLETS.DETAIL.24H_LOW" : "24ч Низкий",
    "WALLETS.DETAIL.CIRCULATING" : "циркулирующий",
    "WALLETS.DETAIL.TOTAL_SUPPLY" : "Всего поставок",
    "WALLETS.DETAIL.HOME_PAGE" : "Домашняя страница",
    "WALLETS.DETAIL.ANNOUNCEMENT" : "Объявление",
    "WALLETS.DETAIL.EXPLORER" : "исследователь",
    "WALLETS.DETAIL.GENESIS_DATE" : "Бытие Дата",
    "WALLETS.DETAIL.FACEBOOK" : "facebook",
    "WALLETS.DETAIL.TWITTER" : "щебет",
    "NOTIFICATIONS" : "Уведомления",
    "SERVICES" : "Сервисы",
    "SERVICES.ADDRESS_BOOK.TITLE" : "Адресная книга",
    "SERVICES.ADDRESS_BOOK.DESC" : "Позволяет легко получить доступ к вашим контактам сохраняя данные своего аккаунта.",
    "SERVICES.ADDRESS_BOOK.ADD_CONTACT":"Добавить новый контакт",
    "SERVICES.ADDRESS_BOOK.FIELDS.NAME":"Имя",
    "SERVICES.ADDRESS_BOOK.FIELDS.WALLET_ADDRESS":"Адрес кошелька",
    "SERVICES.ADDRESS_BOOK.FIELDS.TELEGRAM":"Телеграмм",
    "SERVICES.ADDRESS_BOOK.FIELDS.TELEGRAM_OPTIONAL":" Имя пользователя Телеграмм(необязательно)",
    "SERVICES.ADDRESS_BOOK.ADD.SUBTITLE":"Для создания нового контакта заполните форму ниже.",
    "SERVICES.ADDRESS_BOOK.DETAIL.TITLE":"Детали контакта",
    "SERVICES.ADDRESS_BOOK.UPDATE.TITLE":"Обновить контакт",
    "SERVICES.ADDRESS_BOOK.UPDATE.SUBTITLE":"Чтобы обновить контакт, измените форму ниже.",
    "SERVICES.ADDRESS_BOOK.DELETE.CONFIRM":"Удалить {{contactName}}?",
    "SERVICES.ADDRESS_BOOK.DELETE.WARNING":"Продолжение этого действия приведет к удалению этого контакта из вашей адресной книги, и его нельзя отменить.",
    "SERVICES.ADDRESS_BOOK.CONFIRM_REMOVE":"Вы уверены, что хотите удалить {{contact.name}}?",
    "SERVICES.MULTISIGN_SUPPORT.TITLE" : "Поддержка Мультиподписи",
    "SERVICES.MULTISIGN_SUPPORT.DESC" : "Краткая информация о том, как мультиподпись в настоящее время поддерживается приложением.",
    "SERVICES.MULTISIGN_SUPPORT.TITLE1" : "Прямо сейчас, следующие функции поддерживаются приложением:",
    "SERVICES.MULTISIGN_SUPPORT.CONTENT1" : "Отправка мультиподписных транзакций",
    "SERVICES.MULTISIGN_SUPPORT.CONTENT2" : "Подписание мультиподписных транзакций",
    "SERVICES.MULTISIGN_SUPPORT.CONTENT3" : "Просмотр истории мультиподписных  транзакций",
    "SERVICES.MULTISIGN_SUPPORT.TITLE2" : "Следующие функции  будут поддерживаться в будущем выпуске приложения:",
    "SERVICES.MULTISIGN_SUPPORT.CONTENT4" : "Создание  мультиподписных аккаунтов",
    "SERVICES.MULTISIGN_SUPPORT.CONTENT5" : "Изменение мультиподписных аккаунтов",
    "SERVICES.MULTISIGN_SUPPORT.CONTENT6" : "Просмотр транзакций, связанных с создание и модификация мультиподписных аккаунтов",
    "SETTINGS" : "Настройки",
    "SETTINGS.WALLET_GUIDE" : "Руководство по кошельку",
    "SETTINGS.WALLET_GUIDE.DESC" : "Что нужно знать, чтобы сделать соответствующие шаги для обеспечения безопасности вашего кошелька.",
    "SETTINGS.WALLET_GUIDE.PAGE1.TITLE" : "Что такое кошелек ProximaX?",
    "SETTINGS.WALLET_GUIDE.PAGE1.CONTENT1" : "Приложение ProximaX кошелек является бесплатным, клиентским интерфейсом, который позволяет вам напрямую взаимодействовать с блокчейн пока ты остаешься в полном объеме контроля ваших ключей и средств.",
    "SETTINGS.WALLET_GUIDE.PAGE1.CONTENT2" : "В ProximaX мы стремимся помочь вам защитить ваши цифровые активы. Все наши обновления кошелька проходят тщательное тестирование для обеспечения всех средств, что вы держите в своем кошельке в безопасности. Тем не менее, большая часть владения вашего кошелька и его содержимого  в безопасности зависит от ВАС.",
    "SETTINGS.WALLET_GUIDE.PAGE2.TITLE" : "Защита Ваших Приватных Ключей и Пароля",
    "SETTINGS.WALLET_GUIDE.PAGE2.CONTENT1" : "Когда ваш приватный ключ генерируется, он известен только вам. У нас нет абсолютного  доступа к нему. Мы не имеем доступа к аккаунтам, восстановлению ключей, сбросу паролей или отмены транзакций для вас.",
    "SETTINGS.WALLET_GUIDE.PAGE2.CONTENT2" : "Мы настоятельно рекомендуем вам:",
    "SETTINGS.WALLET_GUIDE.PAGE2.CONTENT3":"Запишите свои приватные ключи и пароль и храните их в безопасном месте.",
    "SETTINGS.WALLET_GUIDE.PAGE2.CONTENT4":"Не храните свои ключи и пароль на вашем компьютере или телефоне особенно если доступны для других сторон.",
    "SETTINGS.WALLET_GUIDE.PAGE3.TITLE" : "Где хранятся мои цифровые токены?",
    "SETTINGS.WALLET_GUIDE.PAGE3.CONTENT1" : "Вопреки распространенному мнению,  ваши цифровые активы никогда не хранятся в крипто кошельке. Все цифровые активы находятся на самом  блокчейне и ProximaX не имеет контроля над вашими цифровыми активами в любом из направлений.",
    "SETTINGS.WALLET_GUIDE.PAGE3.CONTENT2" : "ВАЖНО!",
    "SETTINGS.WALLET_GUIDE.PAGE3.CONTENT3" : "Никогда не раскрывайте  свои приватные ключи кому-нибудь.",
    "SETTINGS.WALLET_GUIDE.PAGE3.CONTENT4" : "Мы никогда не будем просить у вас ваши приватные ключи (и никто не должен).",
    "SETTINGS.WALLET_GUIDE.PAGE3.CONTENT5" : "Мы не раздаем бесплатные XPX.",
    "SETTINGS.WALLET_GUIDE.PAGE3.CONTENT6" : "Мы никогда не попросим вас прислать нам XPX.",
    "SETTINGS.WALLET_GUIDE.PAGE4.TITLE" : "Зачем использовать криптовалюту и блокчейн?",
    "SETTINGS.WALLET_GUIDE.PAGE4.CONTENT1" : "Целью криптовалюты  является возможность получить полный контроль и управление над своими цифровыми токенами анонимно и безопасно, из любого местоположения, не полагаясь на третьи стороны.",
    "SETTINGS.WALLET_GUIDE.PAGE4.CONTENT2" : "Единственная информация, необходимая для этого это наличие вашего публичного адреса и приватных ключей.",
    "SETTINGS.WALLET_GUIDE.PAGE5.TITLE" : "Поздравляем с полным контролем ваших цифровых активов!",
    "SETTINGS.WALLET_GUIDE.PAGE5.CONTENT1" : "Спасибо за чтение нашего руководства. Теперь вы готовы погрузиться! Если вы хотите узнать больше, свяжитесь с нами через Telegram здесь:",
    "SETTINGS.WHATS_NEW" : "Что нового",
    "SETTINGS.NODES" : "Ноды (Узлы)",
    "SETTINGS.NODES.DESC":"Ноды (Узлы) распределены по широко распространенной сети и проводят разнообразие задачи, такие как поддержание  копии записей блокчейна и обработка транзакций.",
    "SETTINGS.NODES.BLOCKHEIGHT" : "Высота блока",
    "SETTINGS.NODES.ACTIVE" : "Активный",
    "SETTINGS.NODES.SELECT" : "Выберите ноду (узел)",
    "SETTINGS.NODES.CUSTOM" : "Ручная установка",
    "SETTINGS.NODES.CUSTOM_IP" : "Пользовательский узел или IP",
    "SETTINGS.NODES.SWITCH" : "Вы успешно подключились к {{host}}",
    "SETTINGS.RESET_PIN" : "Сбросить ПИН-код",
    "SETTINGS.CHANGELOG": "Изменения",
    "SETTINGS.LANGUAGE": "язык",
    "SETTINGS.LANGUAGE.DESC":"Вы можете в любое время изменить язык отображения на предпочитаемый вами.",
    "SETTINGS.LANGUAGE.SWITCH": "Язык приложения переключится на {{lang}}.",
    "SETTINGS.LOGOUT" : "Выйти"
}